/home/student/Desktop/Binary-code-translation/pin-3.18-98332-gaebd7b1e6-gcc-linux/source/tools/HW1/bzip2, 0x400000, fallbackSort, 0x409c33, 2547275
/home/student/Desktop/Binary-code-translation/pin-3.18-98332-gaebd7b1e6-gcc-linux/source/tools/HW1/bzip2, 0x400000, sendMTFValues, 0x40ceee, 1479734
/home/student/Desktop/Binary-code-translation/pin-3.18-98332-gaebd7b1e6-gcc-linux/source/tools/HW1/bzip2, 0x400000, fallbackQSort3, 0x4095ec, 1288846
/home/student/Desktop/Binary-code-translation/pin-3.18-98332-gaebd7b1e6-gcc-linux/source/tools/HW1/bzip2, 0x400000, BZ2_hbMakeCodeLengths, 0x417d54, 960949
/home/student/Desktop/Binary-code-translation/pin-3.18-98332-gaebd7b1e6-gcc-linux/source/tools/HW1/bzip2, 0x400000, fallbackSimpleSort, 0x4093f0, 424864
/home/student/Desktop/Binary-code-translation/pin-3.18-98332-gaebd7b1e6-gcc-linux/source/tools/HW1/bzip2, 0x400000, copy_input_until_stop, 0x40565c, 384560
/home/student/Desktop/Binary-code-translation/pin-3.18-98332-gaebd7b1e6-gcc-linux/source/tools/HW1/bzip2, 0x400000, generateMTFValues, 0x40cb2c, 266623
/lib64/ld-linux-x86-64.so.2, 0x7fb17b56a000, _dl_rtld_di_serinfo, 0x7fb17b573d60, 150708
/home/student/Desktop/Binary-code-translation/pin-3.18-98332-gaebd7b1e6-gcc-linux/source/tools/HW1/bzip2, 0x400000, bsW, 0x40c94c, 130586
/home/student/Desktop/Binary-code-translation/pin-3.18-98332-gaebd7b1e6-gcc-linux/source/tools/HW1/bzip2, 0x400000, add_pair_to_block, 0x405388, 67179
/lib/x86_64-linux-gnu/libc.so.6, 0x7fb166656000, _dl_addr, 0x7fb1667bbec0, 59300
/home/student/Desktop/Binary-code-translation/pin-3.18-98332-gaebd7b1e6-gcc-linux/source/tools/HW1/bzip2, 0x400000, copy_output_until_stop, 0x4059f2, 53381
/lib64/ld-linux-x86-64.so.2, 0x7fb17b56a000, _dl_catch_error, 0x7fb17b585ec0, 37330
/home/student/Desktop/Binary-code-translation/pin-3.18-98332-gaebd7b1e6-gcc-linux/source/tools/HW1/bzip2, 0x400000, BZ2_hbAssignCodes, 0x418294, 33896
/lib64/ld-linux-x86-64.so.2, 0x7fb17b56a000, _dl_exception_free, 0x7fb17b581e10, 26583
/lib64/ld-linux-x86-64.so.2, 0x7fb17b56a000, _dl_debug_state, 0x7fb17b57af60, 15624
/home/student/Desktop/Binary-code-translation/pin-3.18-98332-gaebd7b1e6-gcc-linux/source/tools/HW1/bzip2, 0x400000, BZ2_blockSort, 0x40c679, 14959
/usr/lib/x86_64-linux-gnu/libgomp.so.1, 0x7fb166c87000, omp_test_nest_lock, 0x7fb166c9f7b0, 13354
/lib64/ld-linux-x86-64.so.2, 0x7fb17b56a000, .text, 0x7fb17b56af10, 12042
/lib/x86_64-linux-gnu/libc.so.6, 0x7fb166656000, getenv, 0x7fb166698800, 7876
/lib/x86_64-linux-gnu/libc.so.6, 0x7fb166656000, _IO_str_seekoff, 0x7fb1666e64f0, 4461
/home/student/Desktop/Binary-code-translation/pin-3.18-98332-gaebd7b1e6-gcc-linux/source/tools/HW1/bzip2, 0x400000, makeMaps_e, 0x40cac2, 3239
/lib/x86_64-linux-gnu/libc.so.6, 0x7fb166656000, explicit_bzero, 0x7fb1666fe6f0, 2605
/lib/x86_64-linux-gnu/libc.so.6, 0x7fb166656000, __nss_group_lookup, 0x7fb1667bfc80, 2339
/home/student/Desktop/Binary-code-translation/pin-3.18-98332-gaebd7b1e6-gcc-linux/source/tools/HW1/bzip2, 0x400000, prepare_new_block, 0x404f65, 1814
/lib64/ld-linux-x86-64.so.2, 0x7fb17b56a000, _dl_find_dso_for_object, 0x7fb17b57e800, 1800
/lib/x86_64-linux-gnu/libc.so.6, 0x7fb166656000, cfree, 0x7fb1666eda30, 1654
/lib64/ld-linux-x86-64.so.2, 0x7fb17b56a000, __get_cpu_features, 0x7fb17b583bd0, 1572
/lib/x86_64-linux-gnu/libc.so.6, 0x7fb166656000, __bzero, 0x7fb166711600, 1526
/home/student/Desktop/Binary-code-translation/pin-3.18-98332-gaebd7b1e6-gcc-linux/source/tools/HW1/bzip2, 0x400000, main, 0x4040af, 1432
/lib/x86_64-linux-gnu/libc.so.6, 0x7fb166656000, __libc_malloc, 0x7fb1666ed140, 872
/lib/x86_64-linux-gnu/libc.so.6, 0x7fb166656000, readdir, 0x7fb1667359b0, 771
/lib64/ld-linux-x86-64.so.2, 0x7fb17b56a000, malloc, 0x7fb17b5856b0, 758
/lib64/ld-linux-x86-64.so.2, 0x7fb17b56a000, realloc, 0x7fb17b5859e0, 698
/usr/lib/x86_64-linux-gnu/libgomp.so.1, 0x7fb166c87000, .text, 0x7fb166c8e3e0, 582
/lib/x86_64-linux-gnu/libc.so.6, 0x7fb166656000, _IO_un_link, 0x7fb1666e3690, 472
/lib64/ld-linux-x86-64.so.2, 0x7fb17b56a000, __tunable_get_val, 0x7fb17b5833f0, 456
/lib/x86_64-linux-gnu/libc.so.6, 0x7fb166656000, _IO_link_in, 0x7fb1666e3980, 428
/lib/x86_64-linux-gnu/libc.so.6, 0x7fb166656000, __libc_pthread_init, 0x7fb166786650, 386
/lib/x86_64-linux-gnu/libc.so.6, 0x7fb166656000, __strtol_l, 0x7fb16669b730, 384
/lib/x86_64-linux-gnu/libc.so.6, 0x7fb166656000, killpg, 0x7fb166695000, 370
/lib64/ld-linux-x86-64.so.2, 0x7fb17b56a000, _dl_catch_exception, 0x7fb17b585e10, 341
/lib64/ld-linux-x86-64.so.2, 0x7fb17b56a000, _dl_get_tls_static_info, 0x7fb17b57d230, 332
/lib/x86_64-linux-gnu/libc.so.6, 0x7fb166656000, fclose, 0x7fb1666d4330, 300
/lib/x86_64-linux-gnu/libc.so.6, 0x7fb166656000, versionsort64, 0x7fb166735e40, 285
/lib/x86_64-linux-gnu/libc.so.6, 0x7fb166656000, get_nprocs_conf, 0x7fb166775230, 275
/lib/x86_64-linux-gnu/libc.so.6, 0x7fb166656000, __libc_longjmp, 0x7fb166694d40, 255
/lib/x86_64-linux-gnu/libc.so.6, 0x7fb166656000, _IO_enable_locks, 0x7fb1666e4b30, 240
/lib/x86_64-linux-gnu/libc.so.6, 0x7fb166656000, _IO_file_fopen, 0x7fb1666e2580, 234
/lib/x86_64-linux-gnu/libc.so.6, 0x7fb166656000, _IO_file_close_it, 0x7fb1666e2260, 225
/lib/x86_64-linux-gnu/libc.so.6, 0x7fb166656000, _IO_adjust_column, 0x7fb1666e5170, 224
/home/student/Desktop/Binary-code-translation/pin-3.18-98332-gaebd7b1e6-gcc-linux/source/tools/HW1/bzip2, 0x400000, bsPutUChar, 0x40ca9a, 208
/home/student/Desktop/Binary-code-translation/pin-3.18-98332-gaebd7b1e6-gcc-linux/source/tools/HW1/bzip2, 0x400000, compress, 0x402b73, 190
/lib/x86_64-linux-gnu/libc.so.6, 0x7fb166656000, _IO_file_write, 0x7fb1666e1260, 186
/lib/x86_64-linux-gnu/libc.so.6, 0x7fb166656000, __cxa_finalize, 0x7fb166699640, 174
/home/student/Desktop/Binary-code-translation/pin-3.18-98332-gaebd7b1e6-gcc-linux/source/tools/HW1/bzip2, 0x400000, handle_compress, 0x405ac7, 171
/home/student/Desktop/Binary-code-translation/pin-3.18-98332-gaebd7b1e6-gcc-linux/source/tools/HW1/bzip2, 0x400000, BZ2_compressBlock, 0x41216d, 168
/lib/x86_64-linux-gnu/libc.so.6, 0x7fb166656000, _IO_file_underflow, 0x7fb1666e30f0, 163
/home/student/Desktop/Binary-code-translation/pin-3.18-98332-gaebd7b1e6-gcc-linux/source/tools/HW1/bzip2, 0x400000, BZ2_bzCompressInit, 0x40502b, 159
/home/student/Desktop/Binary-code-translation/pin-3.18-98332-gaebd7b1e6-gcc-linux/source/tools/HW1/bzip2, 0x400000, BZ2_bzWriteClose64, 0x408127, 156
/lib/x86_64-linux-gnu/libpthread.so.0, 0x7fb166a47000, __pthread_initialize_minimal, 0x7fb166a4ce80, 156
/lib64/ld-linux-x86-64.so.2, 0x7fb17b56a000, _dl_allocate_tls_init, 0x7fb17b57d320, 153
/home/student/Desktop/Binary-code-translation/pin-3.18-98332-gaebd7b1e6-gcc-linux/source/tools/HW1/bzip2, 0x400000, BZ2_bzWrite, 0x407e2e, 152
/home/student/Desktop/Binary-code-translation/pin-3.18-98332-gaebd7b1e6-gcc-linux/source/tools/HW1/bzip2, 0x400000, compressStream, 0x4016ce, 151
/home/student/Desktop/Binary-code-translation/pin-3.18-98332-gaebd7b1e6-gcc-linux/source/tools/HW1/bzip2, 0x400000, BZ2_bzCompress, 0x405c64, 145
/home/student/Desktop/Binary-code-translation/pin-3.18-98332-gaebd7b1e6-gcc-linux/source/tools/HW1/bzip2, 0x400000, snocString, 0x403eb0, 138
/lib/x86_64-linux-gnu/libc.so.6, 0x7fb166656000, _IO_setb, 0x7fb1666e4370, 130
/home/student/Desktop/Binary-code-translation/pin-3.18-98332-gaebd7b1e6-gcc-linux/source/tools/HW1/bzip2, 0x400000, hasSuffix, 0x402a83, 128
/lib/x86_64-linux-gnu/libc.so.6, 0x7fb166656000, fopen64, 0x7fb1666d4f10, 123
/lib/x86_64-linux-gnu/libpthread.so.0, 0x7fb166a47000, _pthread_cleanup_push_defer, 0x7fb166a57d70, 120
/lib64/ld-linux-x86-64.so.2, 0x7fb17b56a000, calloc, 0x7fb17b5857e0, 120
/lib/x86_64-linux-gnu/libc.so.6, 0x7fb166656000, __register_atfork, 0x7fb1667866b0, 118
/lib/x86_64-linux-gnu/libc.so.6, 0x7fb166656000, _IO_file_xsputn, 0x7fb1666e1a00, 117
/lib/x86_64-linux-gnu/libc.so.6, 0x7fb166656000, ferror, 0x7fb1666dd790, 117
/lib64/ld-linux-x86-64.so.2, 0x7fb17b56a000, _dl_mcount, 0x7fb17b57ca90, 114
/lib/x86_64-linux-gnu/libc.so.6, 0x7fb166656000, fread, 0x7fb1666d5460, 111
/lib/x86_64-linux-gnu/libc.so.6, 0x7fb166656000, __secure_getenv, 0x7fb166698fd0, 110
/lib/x86_64-linux-gnu/libc.so.6, 0x7fb166656000, posix_madvise, 0x7fb166765550, 109
/lib/x86_64-linux-gnu/libc.so.6, 0x7fb166656000, strsignal, 0x7fb1666f3fa0, 108
/home/student/Desktop/Binary-code-translation/pin-3.18-98332-gaebd7b1e6-gcc-linux/source/tools/HW1/bzip2, 0x400000, copyFileName, 0x4027f1, 105
/lib/x86_64-linux-gnu/libc.so.6, 0x7fb166656000, __mmap, 0x7fb1667717d0, 105
/lib/x86_64-linux-gnu/libc.so.6, 0x7fb166656000, _IO_file_doallocate, 0x7fb1666d41e0, 102
/lib/x86_64-linux-gnu/libpthread.so.0, 0x7fb166a47000, __libc_sigaction, 0x7fb166a59990, 102
/lib/x86_64-linux-gnu/libc.so.6, 0x7fb166656000, _IO_fflush, 0x7fb1666d48c0, 100
/lib/x86_64-linux-gnu/libc.so.6, 0x7fb166656000, _IO_default_finish, 0x7fb1666e4d30, 100
/lib/x86_64-linux-gnu/libc.so.6, 0x7fb166656000, _init, 0x7fb166677980, 99
/lib64/ld-linux-x86-64.so.2, 0x7fb17b56a000, free, 0x7fb17b585820, 92
/lib/x86_64-linux-gnu/libpthread.so.0, 0x7fb166a47000, _pthread_cleanup_pop_restore, 0x7fb166a57dd0, 90
/lib/x86_64-linux-gnu/libc.so.6, 0x7fb166656000, .text, 0x7fb1666772d0, 86
/lib/x86_64-linux-gnu/libc.so.6, 0x7fb166656000, fdopen, 0x7fb1666d45c0, 84
/lib/x86_64-linux-gnu/libc.so.6, 0x7fb166656000, __open64, 0x7fb166765d10, 84
/home/student/Desktop/Binary-code-translation/pin-3.18-98332-gaebd7b1e6-gcc-linux/source/tools/HW1/bzip2, 0x400000, myMalloc, 0x403e4f, 84
/home/student/Desktop/Binary-code-translation/pin-3.18-98332-gaebd7b1e6-gcc-linux/source/tools/HW1/bzip2, 0x400000, BZ2_bzWriteOpen, 0x407bfa, 81
/lib/x86_64-linux-gnu/libc.so.6, 0x7fb166656000, _dl_catch_error, 0x7fb1667bd250, 74
/lib/x86_64-linux-gnu/libc.so.6, 0x7fb166656000, fwrite, 0x7fb1666d5980, 73
/lib/x86_64-linux-gnu/libc.so.6, 0x7fb166656000, __uflow, 0x7fb1666e41a0, 73
/lib/x86_64-linux-gnu/libc.so.6, 0x7fb166656000, _IO_switch_to_get_mode, 0x7fb1666e3e80, 72
/lib/x86_64-linux-gnu/libc.so.6, 0x7fb166656000, _IO_do_write, 0x7fb1666e2f70, 71
/home/student/Desktop/Binary-code-translation/pin-3.18-98332-gaebd7b1e6-gcc-linux/source/tools/HW1/bzip2, 0x400000, bsFinishWrite, 0x40c8ce, 70
/lib/x86_64-linux-gnu/libpthread.so.0, 0x7fb166a47000, pthread_mutex_lock, 0x7fb166a50fd0, 70
/home/student/Desktop/Binary-code-translation/pin-3.18-98332-gaebd7b1e6-gcc-linux/source/tools/HW1/bzip2, 0x400000, strcmp@plt, 0x4011c0, 69
/home/student/Desktop/Binary-code-translation/pin-3.18-98332-gaebd7b1e6-gcc-linux/source/tools/HW1/bzip2, 0x400000, bsPutUInt32, 0x40ca25, 68
/home/student/Desktop/Binary-code-translation/pin-3.18-98332-gaebd7b1e6-gcc-linux/source/tools/HW1/bzip2, 0x400000, BZ2_bzCompressEnd, 0x405e91, 68
/home/student/Desktop/Binary-code-translation/pin-3.18-98332-gaebd7b1e6-gcc-linux/source/tools/HW1/bzip2, 0x400000, default_bzalloc, 0x404f13, 60
/lib/x86_64-linux-gnu/libpthread.so.0, 0x7fb166a47000, __pthread_mutex_unlock, 0x7fb166a52810, 58
/lib/x86_64-linux-gnu/libc.so.6, 0x7fb166656000, __libc_start_main, 0x7fb166677b10, 55
/lib/x86_64-linux-gnu/libc.so.6, 0x7fb166656000, opendir, 0x7fb1667356f0, 53
/home/student/Desktop/Binary-code-translation/pin-3.18-98332-gaebd7b1e6-gcc-linux/source/tools/HW1/bzip2, 0x400000, .plt, 0x401050, 52
/lib/x86_64-linux-gnu/libc.so.6, 0x7fb166656000, _IO_doallocbuf, 0x7fb1666e43d0, 50
/home/student/Desktop/Binary-code-translation/pin-3.18-98332-gaebd7b1e6-gcc-linux/source/tools/HW1/bzip2, 0x400000, myfeof, 0x40168e, 50
/lib/x86_64-linux-gnu/libc.so.6, 0x7fb166656000, _IO_file_overflow, 0x7fb1666e33d0, 49
/lib/x86_64-linux-gnu/libc.so.6, 0x7fb166656000, _IO_file_finish, 0x7fb1666e2400, 48
/home/student/Desktop/Binary-code-translation/pin-3.18-98332-gaebd7b1e6-gcc-linux/source/tools/HW1/bzip2, 0x400000, default_bzfree, 0x404f40, 48
/lib/x86_64-linux-gnu/libc.so.6, 0x7fb166656000, __sbrk, 0x7fb16676c260, 48
/lib/x86_64-linux-gnu/libc.so.6, 0x7fb166656000, _IO_default_xsputn, 0x7fb1666e44f0, 46
/lib/x86_64-linux-gnu/libc.so.6, 0x7fb166656000, _IO_default_uflow, 0x7fb1666e4490, 44
/lib/x86_64-linux-gnu/libc.so.6, 0x7fb166656000, _IO_file_sync, 0x7fb1666e07a0, 44
/lib/x86_64-linux-gnu/libpthread.so.0, 0x7fb166a47000, pthread_key_create, 0x7fb166a56070, 43
/lib64/ld-linux-x86-64.so.2, 0x7fb17b56a000, _dl_deallocate_tls, 0x7fb17b57d6b0, 40
/lib/x86_64-linux-gnu/libc.so.6, 0x7fb166656000, @plt, 0x7fb166677100, 40
/home/student/Desktop/Binary-code-translation/pin-3.18-98332-gaebd7b1e6-gcc-linux/source/tools/HW1/bzip2, 0x400000, fileExists, 0x402875, 40
/lib/x86_64-linux-gnu/libdl.so.2, 0x7fb166452000, .text, 0x7fb166452e50, 39
/lib64/ld-linux-x86-64.so.2, 0x7fb17b56a000, malloc@plt, 0x7fb17b56aea0, 39
/home/student/Desktop/Binary-code-translation/pin-3.18-98332-gaebd7b1e6-gcc-linux/source/tools/HW1/bzip2, 0x400000, mkCell, 0x403e7d, 39
/lib/x86_64-linux-gnu/libc.so.6, 0x7fb166656000, __underflow, 0x7fb1666e3fd0, 37
/lib/x86_64-linux-gnu/libc.so.6, 0x7fb166656000, sysconf, 0x7fb16673ca50, 36
/lib/x86_64-linux-gnu/libc.so.6, 0x7fb166656000, _IO_sputbackc, 0x7fb1666e5070, 36
/lib/x86_64-linux-gnu/libc.so.6, 0x7fb166656000, __read, 0x7fb166766140, 36
/lib/x86_64-linux-gnu/libpthread.so.0, 0x7fb166a47000, elision_init, 0x7fb166a5aed0, 36
/lib/x86_64-linux-gnu/libc.so.6, 0x7fb166656000, __cxa_atexit, 0x7fb166699550, 36
/home/student/Desktop/Binary-code-translation/pin-3.18-98332-gaebd7b1e6-gcc-linux/source/tools/HW1/bzip2, 0x400000, __libc_csu_init, 0x418580, 34
/home/student/Desktop/Binary-code-translation/pin-3.18-98332-gaebd7b1e6-gcc-linux/source/tools/HW1/bzip2, 0x400000, applySavedMetaInfoToOutputFile, 0x4029f0, 33
/lib/x86_64-linux-gnu/libpthread.so.0, 0x7fb166a47000, pthread_getaffinity_np, 0x7fb166a59c10, 32
/lib/x86_64-linux-gnu/libc.so.6, 0x7fb166656000, fgetc, 0x7fb1666dde60, 31
/lib/x86_64-linux-gnu/libc.so.6, 0x7fb166656000, __fxstat64, 0x7fb166765880, 30
/lib/x86_64-linux-gnu/libpthread.so.0, 0x7fb166a47000, pthread_key_delete, 0x7fb166a560d0, 30
/lib/x86_64-linux-gnu/libc.so.6, 0x7fb166656000, signal, 0x7fb166694ec0, 30
/lib/x86_64-linux-gnu/libpthread.so.0, 0x7fb166a47000, __open64, 0x7fb166a58dd0, 29
/lib/x86_64-linux-gnu/libc.so.6, 0x7fb166656000, on_exit, 0x7fb166699260, 29
/lib/x86_64-linux-gnu/libc.so.6, 0x7fb166656000, _IO_sgetn, 0x7fb1666e4630, 28
/lib/x86_64-linux-gnu/libc.so.6, 0x7fb166656000, __sigsetjmp, 0x7fb166694c90, 27
/usr/lib/x86_64-linux-gnu/libgomp.so.1, 0x7fb166c87000, GOACC_declare, 0x7fb166ca9180, 27
/home/student/Desktop/Binary-code-translation/pin-3.18-98332-gaebd7b1e6-gcc-linux/source/tools/HW1/bzip2, 0x400000, addFlagsFromEnvVar, 0x403f51, 26
/lib/x86_64-linux-gnu/libc.so.6, 0x7fb166656000, __close_nocancel, 0x7fb166766a10, 25
/home/student/Desktop/Binary-code-translation/pin-3.18-98332-gaebd7b1e6-gcc-linux/source/tools/HW1/bzip2, 0x400000, fopen_output_safely, 0x4028ba, 25
/lib/x86_64-linux-gnu/libc.so.6, 0x7fb166656000, _IO_unsave_markers, 0x7fb1666e5cb0, 24
/usr/lib/x86_64-linux-gnu/libgomp.so.1, 0x7fb166c87000, .plt, 0x7fb166c8de60, 24
/lib/x86_64-linux-gnu/libc.so.6, 0x7fb166656000, __open_nocancel, 0x7fb166765e40, 24
/lib/x86_64-linux-gnu/libc.so.6, 0x7fb166656000, gnu_dev_makedev, 0x7fb166777530, 24
/lib/x86_64-linux-gnu/libc.so.6, 0x7fb166656000, brk, 0x7fb16676c1f0, 24
/lib64/ld-linux-x86-64.so.2, 0x7fb17b56a000, .plt.got, 0x7fb17b56af00, 23
/lib/x86_64-linux-gnu/libc.so.6, 0x7fb166656000, fcntl, 0x7fb166766670, 23
/lib/x86_64-linux-gnu/libc.so.6, 0x7fb166656000, _IO_ungetc, 0x7fb1666d7640, 22
/lib/x86_64-linux-gnu/libc.so.6, 0x7fb166656000, __strerror_r, 0x7fb1666f3c10, 21
/usr/lib/x86_64-linux-gnu/libgomp.so.1, 0x7fb166c87000, getenv@plt, 0x7fb166c8de70, 21
/lib/x86_64-linux-gnu/libc.so.6, 0x7fb166656000, __sigaction, 0x7fb166695230, 20
/lib/x86_64-linux-gnu/libc.so.6, 0x7fb166656000, __xstat, 0x7fb166765830, 20
/lib/x86_64-linux-gnu/libc.so.6, 0x7fb166656000, realloc, 0x7fb1666eed70, 20
/lib/x86_64-linux-gnu/libc.so.6, 0x7fb166656000, _IO_file_read, 0x7fb1666e19e0, 20
/home/student/Desktop/Binary-code-translation/pin-3.18-98332-gaebd7b1e6-gcc-linux/source/tools/HW1/bzip2, 0x400000, isempty_RL, 0x404ffc, 20
/home/student/Desktop/Binary-code-translation/pin-3.18-98332-gaebd7b1e6-gcc-linux/source/tools/HW1/bzip2, 0x400000, strlen@plt, 0x401150, 20
/lib/x86_64-linux-gnu/libc.so.6, 0x7fb166656000, @plt, 0x7fb1666772b0, 18
/lib/x86_64-linux-gnu/libc.so.6, 0x7fb166656000, strxfrm, 0x7fb1666f4ad0, 18
/home/student/Desktop/Binary-code-translation/pin-3.18-98332-gaebd7b1e6-gcc-linux/source/tools/HW1/bzip2, 0x400000, init_RL, 0x404fdc, 18
/lib/x86_64-linux-gnu/libc.so.6, 0x7fb166656000, strtouq, 0x7fb16669b260, 16
/home/student/Desktop/Binary-code-translation/pin-3.18-98332-gaebd7b1e6-gcc-linux/source/tools/HW1/bzip2, 0x400000, flush_RL, 0x405628, 16
/lib/x86_64-linux-gnu/libc.so.6, 0x7fb166656000, __ctype_init, 0x7fb1666869e0, 16
/home/student/Desktop/Binary-code-translation/pin-3.18-98332-gaebd7b1e6-gcc-linux/source/tools/HW1/bzip2, 0x400000, ferror@plt, 0x4010f0, 15
/lib/x86_64-linux-gnu/libc.so.6, 0x7fb166656000, __munmap, 0x7fb1667718b0, 15
/lib64/ld-linux-x86-64.so.2, 0x7fb17b56a000, calloc@plt, 0x7fb17b56aec0, 15
/lib/x86_64-linux-gnu/libdl.so.2, 0x7fb166452000, dlvsym, 0x7fb1664531e0, 14
/lib/x86_64-linux-gnu/libc.so.6, 0x7fb166656000, .plt.got, 0x7fb1666772c0, 14
/lib/x86_64-linux-gnu/libc.so.6, 0x7fb166656000, __default_morecore, 0x7fb1666f12d0, 14
/lib/x86_64-linux-gnu/libpthread.so.0, 0x7fb166a47000, pthread_attr_init, 0x7fb166a50160, 13
/home/student/Desktop/Binary-code-translation/pin-3.18-98332-gaebd7b1e6-gcc-linux/source/tools/HW1/bzip2, 0x400000, free@plt, 0x401080, 13
/lib/x86_64-linux-gnu/libc.so.6, 0x7fb166656000, __tunable_get_val@plt, 0x7fb1666770f0, 13
/home/student/Desktop/Binary-code-translation/pin-3.18-98332-gaebd7b1e6-gcc-linux/source/tools/HW1/bzip2, 0x400000, register_tm_clones, 0x401390, 13
/lib/x86_64-linux-gnu/libpthread.so.0, 0x7fb166a47000, register_tm_clones, 0x7fb166a4cbf0, 13
/home/student/Desktop/Binary-code-translation/pin-3.18-98332-gaebd7b1e6-gcc-linux/source/tools/HW1/bzip2, 0x400000, malloc@plt, 0x401220, 13
/home/student/Desktop/Binary-code-translation/pin-3.18-98332-gaebd7b1e6-gcc-linux/source/tools/HW1/bzip2, 0x400000, saveInputFileMetaInfo, 0x4029c3, 13
/lib/x86_64-linux-gnu/libpthread.so.0, 0x7fb166a47000, __do_global_dtors_aux, 0x7fb166a4cc40, 12
/lib/x86_64-linux-gnu/libpthread.so.0, 0x7fb166a47000, .plt, 0x7fb166a4c690, 12
/lib/x86_64-linux-gnu/libc.so.6, 0x7fb166656000, __call_tls_dtors, 0x7fb166699990, 11
/lib64/ld-linux-x86-64.so.2, 0x7fb17b56a000, _dl_catch_exception@plt, 0x7fb17b56ae90, 11
/home/student/Desktop/Binary-code-translation/pin-3.18-98332-gaebd7b1e6-gcc-linux/source/tools/HW1/bzip2, 0x400000, _start, 0x401310, 11
/usr/lib/x86_64-linux-gnu/libgomp.so.1, 0x7fb166c87000, acc_on_device, 0x7fb166caa3d0, 10
/home/student/Desktop/Binary-code-translation/pin-3.18-98332-gaebd7b1e6-gcc-linux/source/tools/HW1/bzip2, 0x400000, BZ2_bsInitWrite, 0x40c8a8, 9
/lib/x86_64-linux-gnu/libc.so.6, 0x7fb166656000, __getrlimit, 0x7fb16676bcd0, 9
/lib/x86_64-linux-gnu/libc.so.6, 0x7fb166656000, __write, 0x7fb166766210, 9
/lib/x86_64-linux-gnu/libpthread.so.0, 0x7fb166a47000, deregister_tm_clones, 0x7fb166a4cbb0, 8
/home/student/Desktop/Binary-code-translation/pin-3.18-98332-gaebd7b1e6-gcc-linux/source/tools/HW1/bzip2, 0x400000, __do_global_dtors_aux, 0x4013d0, 8
/home/student/Desktop/Binary-code-translation/pin-3.18-98332-gaebd7b1e6-gcc-linux/source/tools/HW1/bzip2, 0x400000, deregister_tm_clones, 0x401360, 8
/lib/x86_64-linux-gnu/libc.so.6, 0x7fb166656000, _Exit, 0x7fb16673aba0, 8
/home/student/Desktop/Binary-code-translation/pin-3.18-98332-gaebd7b1e6-gcc-linux/source/tools/HW1/bzip2, 0x400000, strstr@plt, 0x4012f0, 8
/lib/x86_64-linux-gnu/libc.so.6, 0x7fb166656000, _IO_file_close, 0x7fb1666e0910, 8
/home/student/Desktop/Binary-code-translation/pin-3.18-98332-gaebd7b1e6-gcc-linux/source/tools/HW1/bzip2, 0x400000, stat, 0x418610, 8
/lib/x86_64-linux-gnu/libc.so.6, 0x7fb166656000, _IO_file_stat, 0x7fb1666e1250, 8
/lib/x86_64-linux-gnu/libc.so.6, 0x7fb166656000, closedir, 0x7fb166735980, 8
/lib/x86_64-linux-gnu/libpthread.so.0, 0x7fb166a47000, __tunable_get_val@plt, 0x7fb166a4cae0, 7
/home/student/Desktop/Binary-code-translation/pin-3.18-98332-gaebd7b1e6-gcc-linux/source/tools/HW1/bzip2, 0x400000, signal@plt, 0x4011d0, 7
/lib/x86_64-linux-gnu/libc.so.6, 0x7fb166656000, remove, 0x7fb1666d1dd0, 7
/home/student/Desktop/Binary-code-translation/pin-3.18-98332-gaebd7b1e6-gcc-linux/source/tools/HW1/bzip2, 0x400000, _fini, 0x418630, 7
/home/student/Desktop/Binary-code-translation/pin-3.18-98332-gaebd7b1e6-gcc-linux/source/tools/HW1/bzip2, 0x400000, strncpy@plt, 0x4010a0, 7
/home/student/Desktop/Binary-code-translation/pin-3.18-98332-gaebd7b1e6-gcc-linux/source/tools/HW1/bzip2, 0x400000, containsDubiousChars, 0x402a74, 6
/home/student/Desktop/Binary-code-translation/pin-3.18-98332-gaebd7b1e6-gcc-linux/source/tools/HW1/bzip2, 0x400000, fclose@plt, 0x401120, 6
/usr/lib/x86_64-linux-gnu/libgomp.so.1, 0x7fb166c87000, _init, 0x7fb166c8de48, 6
/lib/x86_64-linux-gnu/libdl.so.2, 0x7fb166452000, _init, 0x7fb166452d20, 6
/home/student/Desktop/Binary-code-translation/pin-3.18-98332-gaebd7b1e6-gcc-linux/source/tools/HW1/bzip2, 0x400000, call_gmon_start, 0x40133c, 6
/lib/x86_64-linux-gnu/libpthread.so.0, 0x7fb166a47000, pthread_attr_setdetachstate, 0x7fb166a501c0, 5
/lib/x86_64-linux-gnu/libc.so.6, 0x7fb166656000, getpagesize, 0x7fb16676cb80, 5
/lib/x86_64-linux-gnu/libc.so.6, 0x7fb166656000, utime, 0x7fb166765760, 5
/home/student/Desktop/Binary-code-translation/pin-3.18-98332-gaebd7b1e6-gcc-linux/source/tools/HW1/bzip2, 0x400000, strcpy@plt, 0x4010d0, 5
/lib/x86_64-linux-gnu/libc.so.6, 0x7fb166656000, chmod, 0x7fb166765b90, 5
/lib/x86_64-linux-gnu/libc.so.6, 0x7fb166656000, strcoll, 0x7fb1666f3970, 5
/lib/x86_64-linux-gnu/libc.so.6, 0x7fb166656000, __libc_alloc_buffer_create_failure, 0x7fb1666f3890, 5
/home/student/Desktop/Binary-code-translation/pin-3.18-98332-gaebd7b1e6-gcc-linux/source/tools/HW1/bzip2, 0x400000, strncmp@plt, 0x4010c0, 5
/home/student/Desktop/Binary-code-translation/pin-3.18-98332-gaebd7b1e6-gcc-linux/source/tools/HW1/bzip2, 0x400000, fopen@plt, 0x401290, 5
/lib/x86_64-linux-gnu/libc.so.6, 0x7fb166656000, chown, 0x7fb1667674b0, 5
/lib/x86_64-linux-gnu/libc.so.6, 0x7fb166656000, exit, 0x7fb166699240, 5
/lib/x86_64-linux-gnu/libc.so.6, 0x7fb166656000, unlink, 0x7fb166767e10, 5
/home/student/Desktop/Binary-code-translation/pin-3.18-98332-gaebd7b1e6-gcc-linux/source/tools/HW1/bzip2, 0x400000, bz_config_ok, 0x404f08, 5
/home/student/Desktop/Binary-code-translation/pin-3.18-98332-gaebd7b1e6-gcc-linux/source/tools/HW1/bzip2, 0x400000, fgetc@plt, 0x401180, 5
/usr/lib/x86_64-linux-gnu/libgomp.so.1, 0x7fb166c87000, pthread_key_delete@plt, 0x7fb166c8e2f0, 4
/lib/x86_64-linux-gnu/libc.so.6, 0x7fb166656000, .plt, 0x7fb166676fd0, 4
/lib/x86_64-linux-gnu/libpthread.so.0, 0x7fb166a47000, frame_dummy, 0x7fb166a4cc80, 4
/lib/x86_64-linux-gnu/libpthread.so.0, 0x7fb166a47000, _init, 0x7fb166a4c678, 4
/home/student/Desktop/Binary-code-translation/pin-3.18-98332-gaebd7b1e6-gcc-linux/source/tools/HW1/bzip2, 0x400000, fflush@plt, 0x401230, 4
/usr/lib/x86_64-linux-gnu/libgomp.so.1, 0x7fb166c87000, pthread_getaffinity_np@plt, 0x7fb166c8e130, 4
/home/student/Desktop/Binary-code-translation/pin-3.18-98332-gaebd7b1e6-gcc-linux/source/tools/HW1/bzip2, 0x400000, getenv@plt, 0x401060, 4
/home/student/Desktop/Binary-code-translation/pin-3.18-98332-gaebd7b1e6-gcc-linux/source/tools/HW1/bzip2, 0x400000, __xstat@plt, 0x401210, 4
/home/student/Desktop/Binary-code-translation/pin-3.18-98332-gaebd7b1e6-gcc-linux/source/tools/HW1/bzip2, 0x400000, ungetc@plt, 0x401240, 4
/usr/lib/x86_64-linux-gnu/libgomp.so.1, 0x7fb166c87000, pthread_key_create@plt, 0x7fb166c8e220, 4
/home/student/Desktop/Binary-code-translation/pin-3.18-98332-gaebd7b1e6-gcc-linux/source/tools/HW1/bzip2, 0x400000, _init, 0x401038, 4
/home/student/Desktop/Binary-code-translation/pin-3.18-98332-gaebd7b1e6-gcc-linux/source/tools/HW1/bzip2, 0x400000, fread@plt, 0x401110, 4
/home/student/Desktop/Binary-code-translation/pin-3.18-98332-gaebd7b1e6-gcc-linux/source/tools/HW1/bzip2, 0x400000, chown@plt, 0x401250, 3
/lib/x86_64-linux-gnu/libc.so.6, 0x7fb166656000, @plt, 0x7fb166677110, 3
/lib/x86_64-linux-gnu/libc.so.6, 0x7fb166656000, @plt, 0x7fb166677230, 3
/lib/x86_64-linux-gnu/libdl.so.2, 0x7fb166452000, dlmopen, 0x7fb166453b40, 3
/home/student/Desktop/Binary-code-translation/pin-3.18-98332-gaebd7b1e6-gcc-linux/source/tools/HW1/bzip2, 0x400000, remove@plt, 0x4010b0, 3
/home/student/Desktop/Binary-code-translation/pin-3.18-98332-gaebd7b1e6-gcc-linux/source/tools/HW1/bzip2, 0x400000, open@plt, 0x401280, 3
/usr/lib/x86_64-linux-gnu/libgomp.so.1, 0x7fb166c87000, .fini, 0x7fb166cac920, 3
/lib/x86_64-linux-gnu/libpthread.so.0, 0x7fb166a47000, __libc_pthread_init@plt, 0x7fb166a4ca00, 3
/lib/x86_64-linux-gnu/libpthread.so.0, 0x7fb166a47000, _fini, 0x7fb166a5b274, 3
/lib/x86_64-linux-gnu/libpthread.so.0, 0x7fb166a47000, __getrlimit@plt, 0x7fb166a4c6d0, 3
/lib/x86_64-linux-gnu/libdl.so.2, 0x7fb166452000, .fini, 0x7fb166453bf0, 3
/lib/x86_64-linux-gnu/libpthread.so.0, 0x7fb166a47000, _dl_get_tls_static_info@plt, 0x7fb166a4cb00, 3
/home/student/Desktop/Binary-code-translation/pin-3.18-98332-gaebd7b1e6-gcc-linux/source/tools/HW1/bzip2, 0x400000, fdopen@plt, 0x401260, 3
/usr/lib/x86_64-linux-gnu/libgomp.so.1, 0x7fb166c87000, pthread_attr_setdetachstate@plt, 0x7fb166c8e110, 3
/lib/x86_64-linux-gnu/libpthread.so.0, 0x7fb166a47000, __getpagesize@plt, 0x7fb166a4c9d0, 3
/usr/lib/x86_64-linux-gnu/libgomp.so.1, 0x7fb166c87000, pthread_attr_init@plt, 0x7fb166c8e080, 3
/home/student/Desktop/Binary-code-translation/pin-3.18-98332-gaebd7b1e6-gcc-linux/source/tools/HW1/bzip2, 0x400000, fwrite@plt, 0x4012d0, 3
/usr/lib/x86_64-linux-gnu/libgomp.so.1, 0x7fb166c87000, __sched_cpucount@plt, 0x7fb166c8df70, 3
/lib/x86_64-linux-gnu/libpthread.so.0, 0x7fb166a47000, memset@plt, 0x7fb166a4c850, 3
/usr/lib/x86_64-linux-gnu/libgomp.so.1, 0x7fb166c87000, realloc@plt, 0x7fb166c8e200, 3
/home/student/Desktop/Binary-code-translation/pin-3.18-98332-gaebd7b1e6-gcc-linux/source/tools/HW1/bzip2, 0x400000, __libc_start_main@plt, 0x4011b0, 3
/usr/lib/x86_64-linux-gnu/libgomp.so.1, 0x7fb166c87000, pthread_self@plt, 0x7fb166c8e250, 3
/usr/lib/x86_64-linux-gnu/libgomp.so.1, 0x7fb166c87000, malloc@plt, 0x7fb166c8e150, 3
/home/student/Desktop/Binary-code-translation/pin-3.18-98332-gaebd7b1e6-gcc-linux/source/tools/HW1/bzip2, 0x400000, frame_dummy, 0x4013f0, 3
/lib/x86_64-linux-gnu/libc.so.6, 0x7fb166656000, _dl_find_dso_for_object@plt, 0x7fb1666771a0, 3
/usr/lib/x86_64-linux-gnu/libgomp.so.1, 0x7fb166c87000, sysconf@plt, 0x7fb166c8e2a0, 3
/usr/lib/x86_64-linux-gnu/libgomp.so.1, 0x7fb166c87000, secure_getenv@plt, 0x7fb166c8def0, 3
/home/student/Desktop/Binary-code-translation/pin-3.18-98332-gaebd7b1e6-gcc-linux/source/tools/HW1/bzip2, 0x400000, chmod@plt, 0x401270, 3
/home/student/Desktop/Binary-code-translation/pin-3.18-98332-gaebd7b1e6-gcc-linux/source/tools/HW1/bzip2, 0x400000, utime@plt, 0x401070, 3
/lib/x86_64-linux-gnu/libpthread.so.0, 0x7fb166a47000, pthread_self, 0x7fb166a4fd90, 2
/lib/x86_64-linux-gnu/libc.so.6, 0x7fb166656000, _setjmp, 0x7fb166694d30, 2
/lib/x86_64-linux-gnu/libc.so.6, 0x7fb166656000, @plt, 0x7fb166677270, 1
/usr/lib/x86_64-linux-gnu/libgomp.so.1, 0x7fb166c87000, .plt.got, 0x7fb166c8e3d0, 1
/lib/x86_64-linux-gnu/libpthread.so.0, 0x7fb166a47000, .plt.got, 0x7fb166a4cba0, 1
/lib/x86_64-linux-gnu/libc.so.6, 0x7fb166656000, @plt, 0x7fb166677160, 1
/lib/x86_64-linux-gnu/libdl.so.2, 0x7fb166452000, .plt.got, 0x7fb166452e20, 1
