/home/student/Desktop/Optimization/HW1/bzip2, 0x400000, fallbackSort, 0x409c33, 2547275
/home/student/Desktop/Optimization/HW1/bzip2, 0x400000, sendMTFValues, 0x40ceee, 1479734
/home/student/Desktop/Optimization/HW1/bzip2, 0x400000, fallbackQSort3, 0x4095ec, 1288846
/home/student/Desktop/Optimization/HW1/bzip2, 0x400000, BZ2_hbMakeCodeLengths, 0x417d54, 960949
/home/student/Desktop/Optimization/HW1/bzip2, 0x400000, fallbackSimpleSort, 0x4093f0, 424864
/home/student/Desktop/Optimization/HW1/bzip2, 0x400000, copy_input_until_stop, 0x40565c, 384560
/home/student/Desktop/Optimization/HW1/bzip2, 0x400000, generateMTFValues, 0x40cb2c, 266623
/lib64/ld-linux-x86-64.so.2, 0x7fa92ef27000, _dl_rtld_di_serinfo, 0x7fa92ef30d60, 150708
/home/student/Desktop/Optimization/HW1/bzip2, 0x400000, bsW, 0x40c94c, 130586
/home/student/Desktop/Optimization/HW1/bzip2, 0x400000, add_pair_to_block, 0x405388, 67179
/lib/x86_64-linux-gnu/libc.so.6, 0x7fa91a00b000, _dl_addr, 0x7fa91a170ec0, 59300
/home/student/Desktop/Optimization/HW1/bzip2, 0x400000, copy_output_until_stop, 0x4059f2, 53381
/lib64/ld-linux-x86-64.so.2, 0x7fa92ef27000, _dl_catch_error, 0x7fa92ef42ec0, 37330
/home/student/Desktop/Optimization/HW1/bzip2, 0x400000, BZ2_hbAssignCodes, 0x418294, 33896
/lib64/ld-linux-x86-64.so.2, 0x7fa92ef27000, _dl_exception_free, 0x7fa92ef3ee10, 26583
/lib64/ld-linux-x86-64.so.2, 0x7fa92ef27000, _dl_debug_state, 0x7fa92ef37f60, 15624
/home/student/Desktop/Optimization/HW1/bzip2, 0x400000, BZ2_blockSort, 0x40c679, 14959
/usr/lib/x86_64-linux-gnu/libgomp.so.1, 0x7fa91a61b000, omp_test_nest_lock, 0x7fa91a6337b0, 13354
/lib64/ld-linux-x86-64.so.2, 0x7fa92ef27000, .text, 0x7fa92ef27f10, 12042
/lib/x86_64-linux-gnu/libc.so.6, 0x7fa91a00b000, getenv, 0x7fa91a04d800, 7876
/lib/x86_64-linux-gnu/libc.so.6, 0x7fa91a00b000, _IO_str_seekoff, 0x7fa91a09b4f0, 4461
/home/student/Desktop/Optimization/HW1/bzip2, 0x400000, makeMaps_e, 0x40cac2, 3239
/lib/x86_64-linux-gnu/libc.so.6, 0x7fa91a00b000, explicit_bzero, 0x7fa91a0b36f0, 2590
/lib/x86_64-linux-gnu/libc.so.6, 0x7fa91a00b000, __nss_group_lookup, 0x7fa91a174c80, 2335
/home/student/Desktop/Optimization/HW1/bzip2, 0x400000, prepare_new_block, 0x404f65, 1814
/lib64/ld-linux-x86-64.so.2, 0x7fa92ef27000, _dl_find_dso_for_object, 0x7fa92ef3b800, 1800
/lib/x86_64-linux-gnu/libc.so.6, 0x7fa91a00b000, cfree, 0x7fa91a0a2a30, 1654
/lib64/ld-linux-x86-64.so.2, 0x7fa92ef27000, __get_cpu_features, 0x7fa92ef40bd0, 1572
/lib/x86_64-linux-gnu/libc.so.6, 0x7fa91a00b000, __bzero, 0x7fa91a0c6600, 1526
/home/student/Desktop/Optimization/HW1/bzip2, 0x400000, main, 0x4040af, 1432
/lib/x86_64-linux-gnu/libc.so.6, 0x7fa91a00b000, __libc_malloc, 0x7fa91a0a2140, 872
/lib/x86_64-linux-gnu/libc.so.6, 0x7fa91a00b000, readdir, 0x7fa91a0ea9b0, 771
/lib64/ld-linux-x86-64.so.2, 0x7fa92ef27000, malloc, 0x7fa92ef426b0, 758
/lib64/ld-linux-x86-64.so.2, 0x7fa92ef27000, realloc, 0x7fa92ef429e0, 698
/usr/lib/x86_64-linux-gnu/libgomp.so.1, 0x7fa91a61b000, .text, 0x7fa91a6223e0, 582
/lib/x86_64-linux-gnu/libc.so.6, 0x7fa91a00b000, _IO_un_link, 0x7fa91a098690, 472
/lib64/ld-linux-x86-64.so.2, 0x7fa92ef27000, __tunable_get_val, 0x7fa92ef403f0, 456
/lib/x86_64-linux-gnu/libc.so.6, 0x7fa91a00b000, _IO_link_in, 0x7fa91a098980, 428
/lib/x86_64-linux-gnu/libc.so.6, 0x7fa91a00b000, __libc_pthread_init, 0x7fa91a13b650, 386
/lib/x86_64-linux-gnu/libc.so.6, 0x7fa91a00b000, __strtol_l, 0x7fa91a050730, 384
/lib/x86_64-linux-gnu/libc.so.6, 0x7fa91a00b000, killpg, 0x7fa91a04a000, 370
/lib64/ld-linux-x86-64.so.2, 0x7fa92ef27000, _dl_catch_exception, 0x7fa92ef42e10, 341
/lib64/ld-linux-x86-64.so.2, 0x7fa92ef27000, _dl_get_tls_static_info, 0x7fa92ef3a230, 332
/lib/x86_64-linux-gnu/libc.so.6, 0x7fa91a00b000, fclose, 0x7fa91a089330, 300
/lib/x86_64-linux-gnu/libc.so.6, 0x7fa91a00b000, versionsort64, 0x7fa91a0eae40, 285
/lib/x86_64-linux-gnu/libc.so.6, 0x7fa91a00b000, get_nprocs_conf, 0x7fa91a12a230, 275
/lib/x86_64-linux-gnu/libc.so.6, 0x7fa91a00b000, __libc_longjmp, 0x7fa91a049d40, 255
/lib/x86_64-linux-gnu/libc.so.6, 0x7fa91a00b000, _IO_enable_locks, 0x7fa91a099b30, 240
/lib/x86_64-linux-gnu/libc.so.6, 0x7fa91a00b000, _IO_file_fopen, 0x7fa91a097580, 234
/lib/x86_64-linux-gnu/libc.so.6, 0x7fa91a00b000, _IO_file_close_it, 0x7fa91a097260, 225
/lib/x86_64-linux-gnu/libc.so.6, 0x7fa91a00b000, _IO_adjust_column, 0x7fa91a09a170, 224
/home/student/Desktop/Optimization/HW1/bzip2, 0x400000, bsPutUChar, 0x40ca9a, 208
/home/student/Desktop/Optimization/HW1/bzip2, 0x400000, compress, 0x402b73, 188
/lib/x86_64-linux-gnu/libc.so.6, 0x7fa91a00b000, _IO_file_write, 0x7fa91a096260, 186
/lib/x86_64-linux-gnu/libc.so.6, 0x7fa91a00b000, __cxa_finalize, 0x7fa91a04e640, 174
/home/student/Desktop/Optimization/HW1/bzip2, 0x400000, handle_compress, 0x405ac7, 171
/home/student/Desktop/Optimization/HW1/bzip2, 0x400000, BZ2_compressBlock, 0x41216d, 168
/lib/x86_64-linux-gnu/libc.so.6, 0x7fa91a00b000, _IO_file_underflow, 0x7fa91a0980f0, 163
/home/student/Desktop/Optimization/HW1/bzip2, 0x400000, BZ2_bzCompressInit, 0x40502b, 159
/home/student/Desktop/Optimization/HW1/bzip2, 0x400000, BZ2_bzWriteClose64, 0x408127, 156
/lib/x86_64-linux-gnu/libpthread.so.0, 0x7fa91a3fc000, __pthread_initialize_minimal, 0x7fa91a401e80, 156
/lib64/ld-linux-x86-64.so.2, 0x7fa92ef27000, _dl_allocate_tls_init, 0x7fa92ef3a320, 153
/home/student/Desktop/Optimization/HW1/bzip2, 0x400000, BZ2_bzWrite, 0x407e2e, 152
/home/student/Desktop/Optimization/HW1/bzip2, 0x400000, compressStream, 0x4016ce, 151
/home/student/Desktop/Optimization/HW1/bzip2, 0x400000, BZ2_bzCompress, 0x405c64, 145
/home/student/Desktop/Optimization/HW1/bzip2, 0x400000, snocString, 0x403eb0, 138
/lib/x86_64-linux-gnu/libc.so.6, 0x7fa91a00b000, _IO_setb, 0x7fa91a099370, 130
/home/student/Desktop/Optimization/HW1/bzip2, 0x400000, hasSuffix, 0x402a83, 128
/lib/x86_64-linux-gnu/libc.so.6, 0x7fa91a00b000, fopen64, 0x7fa91a089f10, 123
/lib/x86_64-linux-gnu/libpthread.so.0, 0x7fa91a3fc000, _pthread_cleanup_push_defer, 0x7fa91a40cd70, 120
/lib64/ld-linux-x86-64.so.2, 0x7fa92ef27000, calloc, 0x7fa92ef427e0, 120
/lib/x86_64-linux-gnu/libc.so.6, 0x7fa91a00b000, __register_atfork, 0x7fa91a13b6b0, 118
/lib/x86_64-linux-gnu/libc.so.6, 0x7fa91a00b000, _IO_file_xsputn, 0x7fa91a096a00, 117
/lib/x86_64-linux-gnu/libc.so.6, 0x7fa91a00b000, ferror, 0x7fa91a092790, 117
/lib64/ld-linux-x86-64.so.2, 0x7fa92ef27000, _dl_mcount, 0x7fa92ef39a90, 114
/lib/x86_64-linux-gnu/libc.so.6, 0x7fa91a00b000, fread, 0x7fa91a08a460, 111
/lib/x86_64-linux-gnu/libc.so.6, 0x7fa91a00b000, __secure_getenv, 0x7fa91a04dfd0, 110
/lib/x86_64-linux-gnu/libc.so.6, 0x7fa91a00b000, posix_madvise, 0x7fa91a11a550, 109
/lib/x86_64-linux-gnu/libc.so.6, 0x7fa91a00b000, strsignal, 0x7fa91a0a8fa0, 108
/home/student/Desktop/Optimization/HW1/bzip2, 0x400000, copyFileName, 0x4027f1, 105
/lib/x86_64-linux-gnu/libc.so.6, 0x7fa91a00b000, __mmap, 0x7fa91a1267d0, 105
/lib/x86_64-linux-gnu/libc.so.6, 0x7fa91a00b000, _IO_file_doallocate, 0x7fa91a0891e0, 102
/lib/x86_64-linux-gnu/libpthread.so.0, 0x7fa91a3fc000, __libc_sigaction, 0x7fa91a40e990, 102
/lib/x86_64-linux-gnu/libc.so.6, 0x7fa91a00b000, _IO_fflush, 0x7fa91a0898c0, 100
/lib/x86_64-linux-gnu/libc.so.6, 0x7fa91a00b000, _IO_default_finish, 0x7fa91a099d30, 100
/lib/x86_64-linux-gnu/libc.so.6, 0x7fa91a00b000, _init, 0x7fa91a02c980, 99
/lib64/ld-linux-x86-64.so.2, 0x7fa92ef27000, free, 0x7fa92ef42820, 92
/lib/x86_64-linux-gnu/libpthread.so.0, 0x7fa91a3fc000, _pthread_cleanup_pop_restore, 0x7fa91a40cdd0, 90
/lib/x86_64-linux-gnu/libc.so.6, 0x7fa91a00b000, .text, 0x7fa91a02c2d0, 86
/lib/x86_64-linux-gnu/libc.so.6, 0x7fa91a00b000, fdopen, 0x7fa91a0895c0, 84
/lib/x86_64-linux-gnu/libc.so.6, 0x7fa91a00b000, __open64, 0x7fa91a11ad10, 84
/home/student/Desktop/Optimization/HW1/bzip2, 0x400000, myMalloc, 0x403e4f, 84
/home/student/Desktop/Optimization/HW1/bzip2, 0x400000, BZ2_bzWriteOpen, 0x407bfa, 81
/lib/x86_64-linux-gnu/libc.so.6, 0x7fa91a00b000, _dl_catch_error, 0x7fa91a172250, 74
/lib/x86_64-linux-gnu/libc.so.6, 0x7fa91a00b000, fwrite, 0x7fa91a08a980, 73
/lib/x86_64-linux-gnu/libc.so.6, 0x7fa91a00b000, __uflow, 0x7fa91a0991a0, 73
/lib/x86_64-linux-gnu/libc.so.6, 0x7fa91a00b000, _IO_switch_to_get_mode, 0x7fa91a098e80, 72
/lib/x86_64-linux-gnu/libc.so.6, 0x7fa91a00b000, _IO_do_write, 0x7fa91a097f70, 71
/home/student/Desktop/Optimization/HW1/bzip2, 0x400000, bsFinishWrite, 0x40c8ce, 70
/lib/x86_64-linux-gnu/libpthread.so.0, 0x7fa91a3fc000, pthread_mutex_lock, 0x7fa91a405fd0, 70
/home/student/Desktop/Optimization/HW1/bzip2, 0x400000, strcmp@plt, 0x4011c0, 69
/home/student/Desktop/Optimization/HW1/bzip2, 0x400000, bsPutUInt32, 0x40ca25, 68
/home/student/Desktop/Optimization/HW1/bzip2, 0x400000, BZ2_bzCompressEnd, 0x405e91, 68
/home/student/Desktop/Optimization/HW1/bzip2, 0x400000, default_bzalloc, 0x404f13, 60
/lib/x86_64-linux-gnu/libpthread.so.0, 0x7fa91a3fc000, __pthread_mutex_unlock, 0x7fa91a407810, 58
/lib/x86_64-linux-gnu/libc.so.6, 0x7fa91a00b000, __libc_start_main, 0x7fa91a02cb10, 55
/lib/x86_64-linux-gnu/libc.so.6, 0x7fa91a00b000, opendir, 0x7fa91a0ea6f0, 53
/home/student/Desktop/Optimization/HW1/bzip2, 0x400000, .plt, 0x401050, 52
/lib/x86_64-linux-gnu/libc.so.6, 0x7fa91a00b000, _IO_doallocbuf, 0x7fa91a0993d0, 50
/home/student/Desktop/Optimization/HW1/bzip2, 0x400000, myfeof, 0x40168e, 50
/lib/x86_64-linux-gnu/libc.so.6, 0x7fa91a00b000, _IO_file_overflow, 0x7fa91a0983d0, 49
/lib/x86_64-linux-gnu/libc.so.6, 0x7fa91a00b000, _IO_file_finish, 0x7fa91a097400, 48
/home/student/Desktop/Optimization/HW1/bzip2, 0x400000, default_bzfree, 0x404f40, 48
/lib/x86_64-linux-gnu/libc.so.6, 0x7fa91a00b000, __sbrk, 0x7fa91a121260, 48
/lib/x86_64-linux-gnu/libc.so.6, 0x7fa91a00b000, _IO_default_xsputn, 0x7fa91a0994f0, 46
/lib/x86_64-linux-gnu/libc.so.6, 0x7fa91a00b000, _IO_default_uflow, 0x7fa91a099490, 44
/lib/x86_64-linux-gnu/libc.so.6, 0x7fa91a00b000, _IO_file_sync, 0x7fa91a0957a0, 44
/lib/x86_64-linux-gnu/libpthread.so.0, 0x7fa91a3fc000, pthread_key_create, 0x7fa91a40b070, 43
/lib64/ld-linux-x86-64.so.2, 0x7fa92ef27000, _dl_deallocate_tls, 0x7fa92ef3a6b0, 40
/lib/x86_64-linux-gnu/libc.so.6, 0x7fa91a00b000, @plt, 0x7fa91a02c100, 40
/home/student/Desktop/Optimization/HW1/bzip2, 0x400000, fileExists, 0x402875, 40
/lib/x86_64-linux-gnu/libdl.so.2, 0x7fa919e07000, .text, 0x7fa919e07e50, 39
/lib64/ld-linux-x86-64.so.2, 0x7fa92ef27000, malloc@plt, 0x7fa92ef27ea0, 39
/home/student/Desktop/Optimization/HW1/bzip2, 0x400000, mkCell, 0x403e7d, 39
/lib/x86_64-linux-gnu/libc.so.6, 0x7fa91a00b000, __underflow, 0x7fa91a098fd0, 37
/lib/x86_64-linux-gnu/libc.so.6, 0x7fa91a00b000, sysconf, 0x7fa91a0f1a50, 36
/lib/x86_64-linux-gnu/libc.so.6, 0x7fa91a00b000, _IO_sputbackc, 0x7fa91a09a070, 36
/lib/x86_64-linux-gnu/libc.so.6, 0x7fa91a00b000, __read, 0x7fa91a11b140, 36
/lib/x86_64-linux-gnu/libpthread.so.0, 0x7fa91a3fc000, elision_init, 0x7fa91a40fed0, 36
/lib/x86_64-linux-gnu/libc.so.6, 0x7fa91a00b000, __cxa_atexit, 0x7fa91a04e550, 36
/home/student/Desktop/Optimization/HW1/bzip2, 0x400000, __libc_csu_init, 0x418580, 34
/home/student/Desktop/Optimization/HW1/bzip2, 0x400000, applySavedMetaInfoToOutputFile, 0x4029f0, 33
/lib/x86_64-linux-gnu/libpthread.so.0, 0x7fa91a3fc000, pthread_getaffinity_np, 0x7fa91a40ec10, 32
/lib/x86_64-linux-gnu/libc.so.6, 0x7fa91a00b000, fgetc, 0x7fa91a092e60, 31
/lib/x86_64-linux-gnu/libc.so.6, 0x7fa91a00b000, __fxstat64, 0x7fa91a11a880, 30
/lib/x86_64-linux-gnu/libpthread.so.0, 0x7fa91a3fc000, pthread_key_delete, 0x7fa91a40b0d0, 30
/lib/x86_64-linux-gnu/libc.so.6, 0x7fa91a00b000, signal, 0x7fa91a049ec0, 30
/lib/x86_64-linux-gnu/libpthread.so.0, 0x7fa91a3fc000, __open64, 0x7fa91a40ddd0, 29
/lib/x86_64-linux-gnu/libc.so.6, 0x7fa91a00b000, on_exit, 0x7fa91a04e260, 29
/lib/x86_64-linux-gnu/libc.so.6, 0x7fa91a00b000, _IO_sgetn, 0x7fa91a099630, 28
/lib/x86_64-linux-gnu/libc.so.6, 0x7fa91a00b000, __sigsetjmp, 0x7fa91a049c90, 27
/usr/lib/x86_64-linux-gnu/libgomp.so.1, 0x7fa91a61b000, GOACC_declare, 0x7fa91a63d180, 27
/home/student/Desktop/Optimization/HW1/bzip2, 0x400000, addFlagsFromEnvVar, 0x403f51, 26
/lib/x86_64-linux-gnu/libc.so.6, 0x7fa91a00b000, __close_nocancel, 0x7fa91a11ba10, 25
/home/student/Desktop/Optimization/HW1/bzip2, 0x400000, fopen_output_safely, 0x4028ba, 25
/lib/x86_64-linux-gnu/libc.so.6, 0x7fa91a00b000, _IO_unsave_markers, 0x7fa91a09acb0, 24
/usr/lib/x86_64-linux-gnu/libgomp.so.1, 0x7fa91a61b000, .plt, 0x7fa91a621e60, 24
/lib/x86_64-linux-gnu/libc.so.6, 0x7fa91a00b000, __open_nocancel, 0x7fa91a11ae40, 24
/lib/x86_64-linux-gnu/libc.so.6, 0x7fa91a00b000, gnu_dev_makedev, 0x7fa91a12c530, 24
/lib/x86_64-linux-gnu/libc.so.6, 0x7fa91a00b000, brk, 0x7fa91a1211f0, 24
/lib64/ld-linux-x86-64.so.2, 0x7fa92ef27000, .plt.got, 0x7fa92ef27f00, 23
/lib/x86_64-linux-gnu/libc.so.6, 0x7fa91a00b000, fcntl, 0x7fa91a11b670, 23
/lib/x86_64-linux-gnu/libc.so.6, 0x7fa91a00b000, _IO_ungetc, 0x7fa91a08c640, 22
/lib/x86_64-linux-gnu/libc.so.6, 0x7fa91a00b000, __strerror_r, 0x7fa91a0a8c10, 21
/usr/lib/x86_64-linux-gnu/libgomp.so.1, 0x7fa91a61b000, getenv@plt, 0x7fa91a621e70, 21
/lib/x86_64-linux-gnu/libc.so.6, 0x7fa91a00b000, __sigaction, 0x7fa91a04a230, 20
/lib/x86_64-linux-gnu/libc.so.6, 0x7fa91a00b000, __xstat, 0x7fa91a11a830, 20
/lib/x86_64-linux-gnu/libc.so.6, 0x7fa91a00b000, realloc, 0x7fa91a0a3d70, 20
/lib/x86_64-linux-gnu/libc.so.6, 0x7fa91a00b000, _IO_file_read, 0x7fa91a0969e0, 20
/home/student/Desktop/Optimization/HW1/bzip2, 0x400000, isempty_RL, 0x404ffc, 20
/home/student/Desktop/Optimization/HW1/bzip2, 0x400000, strlen@plt, 0x401150, 20
/lib/x86_64-linux-gnu/libc.so.6, 0x7fa91a00b000, @plt, 0x7fa91a02c2b0, 18
/lib/x86_64-linux-gnu/libc.so.6, 0x7fa91a00b000, strxfrm, 0x7fa91a0a9ad0, 18
/home/student/Desktop/Optimization/HW1/bzip2, 0x400000, init_RL, 0x404fdc, 18
/lib/x86_64-linux-gnu/libc.so.6, 0x7fa91a00b000, strtouq, 0x7fa91a050260, 16
/home/student/Desktop/Optimization/HW1/bzip2, 0x400000, flush_RL, 0x405628, 16
/lib/x86_64-linux-gnu/libc.so.6, 0x7fa91a00b000, __ctype_init, 0x7fa91a03b9e0, 16
/home/student/Desktop/Optimization/HW1/bzip2, 0x400000, ferror@plt, 0x4010f0, 15
/lib/x86_64-linux-gnu/libc.so.6, 0x7fa91a00b000, __munmap, 0x7fa91a1268b0, 15
/lib64/ld-linux-x86-64.so.2, 0x7fa92ef27000, calloc@plt, 0x7fa92ef27ec0, 15
/lib/x86_64-linux-gnu/libdl.so.2, 0x7fa919e07000, dlvsym, 0x7fa919e081e0, 14
/lib/x86_64-linux-gnu/libc.so.6, 0x7fa91a00b000, .plt.got, 0x7fa91a02c2c0, 14
/lib/x86_64-linux-gnu/libc.so.6, 0x7fa91a00b000, __default_morecore, 0x7fa91a0a62d0, 14
/lib/x86_64-linux-gnu/libpthread.so.0, 0x7fa91a3fc000, pthread_attr_init, 0x7fa91a405160, 13
/home/student/Desktop/Optimization/HW1/bzip2, 0x400000, free@plt, 0x401080, 13
/lib/x86_64-linux-gnu/libc.so.6, 0x7fa91a00b000, __tunable_get_val@plt, 0x7fa91a02c0f0, 13
/home/student/Desktop/Optimization/HW1/bzip2, 0x400000, register_tm_clones, 0x401390, 13
/lib/x86_64-linux-gnu/libpthread.so.0, 0x7fa91a3fc000, register_tm_clones, 0x7fa91a401bf0, 13
/home/student/Desktop/Optimization/HW1/bzip2, 0x400000, malloc@plt, 0x401220, 13
/home/student/Desktop/Optimization/HW1/bzip2, 0x400000, saveInputFileMetaInfo, 0x4029c3, 13
/lib/x86_64-linux-gnu/libpthread.so.0, 0x7fa91a3fc000, __do_global_dtors_aux, 0x7fa91a401c40, 12
/lib/x86_64-linux-gnu/libpthread.so.0, 0x7fa91a3fc000, .plt, 0x7fa91a401690, 12
/lib/x86_64-linux-gnu/libc.so.6, 0x7fa91a00b000, __call_tls_dtors, 0x7fa91a04e990, 11
/lib64/ld-linux-x86-64.so.2, 0x7fa92ef27000, _dl_catch_exception@plt, 0x7fa92ef27e90, 11
/home/student/Desktop/Optimization/HW1/bzip2, 0x400000, _start, 0x401310, 11
/usr/lib/x86_64-linux-gnu/libgomp.so.1, 0x7fa91a61b000, acc_on_device, 0x7fa91a63e3d0, 10
/home/student/Desktop/Optimization/HW1/bzip2, 0x400000, BZ2_bsInitWrite, 0x40c8a8, 9
/lib/x86_64-linux-gnu/libc.so.6, 0x7fa91a00b000, __getrlimit, 0x7fa91a120cd0, 9
/lib/x86_64-linux-gnu/libc.so.6, 0x7fa91a00b000, __write, 0x7fa91a11b210, 9
/lib/x86_64-linux-gnu/libpthread.so.0, 0x7fa91a3fc000, deregister_tm_clones, 0x7fa91a401bb0, 8
/home/student/Desktop/Optimization/HW1/bzip2, 0x400000, __do_global_dtors_aux, 0x4013d0, 8
/home/student/Desktop/Optimization/HW1/bzip2, 0x400000, deregister_tm_clones, 0x401360, 8
/lib/x86_64-linux-gnu/libc.so.6, 0x7fa91a00b000, _Exit, 0x7fa91a0efba0, 8
/home/student/Desktop/Optimization/HW1/bzip2, 0x400000, strstr@plt, 0x4012f0, 8
/lib/x86_64-linux-gnu/libc.so.6, 0x7fa91a00b000, _IO_file_close, 0x7fa91a095910, 8
/home/student/Desktop/Optimization/HW1/bzip2, 0x400000, stat, 0x418610, 8
/lib/x86_64-linux-gnu/libc.so.6, 0x7fa91a00b000, _IO_file_stat, 0x7fa91a096250, 8
/lib/x86_64-linux-gnu/libc.so.6, 0x7fa91a00b000, closedir, 0x7fa91a0ea980, 8
/lib/x86_64-linux-gnu/libpthread.so.0, 0x7fa91a3fc000, __tunable_get_val@plt, 0x7fa91a401ae0, 7
/home/student/Desktop/Optimization/HW1/bzip2, 0x400000, signal@plt, 0x4011d0, 7
/lib/x86_64-linux-gnu/libc.so.6, 0x7fa91a00b000, remove, 0x7fa91a086dd0, 7
/home/student/Desktop/Optimization/HW1/bzip2, 0x400000, _fini, 0x418630, 7
/home/student/Desktop/Optimization/HW1/bzip2, 0x400000, strncpy@plt, 0x4010a0, 7
/home/student/Desktop/Optimization/HW1/bzip2, 0x400000, containsDubiousChars, 0x402a74, 6
/home/student/Desktop/Optimization/HW1/bzip2, 0x400000, fclose@plt, 0x401120, 6
/usr/lib/x86_64-linux-gnu/libgomp.so.1, 0x7fa91a61b000, _init, 0x7fa91a621e48, 6
/lib/x86_64-linux-gnu/libdl.so.2, 0x7fa919e07000, _init, 0x7fa919e07d20, 6
/home/student/Desktop/Optimization/HW1/bzip2, 0x400000, call_gmon_start, 0x40133c, 6
/lib/x86_64-linux-gnu/libpthread.so.0, 0x7fa91a3fc000, pthread_attr_setdetachstate, 0x7fa91a4051c0, 5
/lib/x86_64-linux-gnu/libc.so.6, 0x7fa91a00b000, getpagesize, 0x7fa91a121b80, 5
/lib/x86_64-linux-gnu/libc.so.6, 0x7fa91a00b000, utime, 0x7fa91a11a760, 5
/home/student/Desktop/Optimization/HW1/bzip2, 0x400000, strcpy@plt, 0x4010d0, 5
/lib/x86_64-linux-gnu/libc.so.6, 0x7fa91a00b000, chmod, 0x7fa91a11ab90, 5
/lib/x86_64-linux-gnu/libc.so.6, 0x7fa91a00b000, strcoll, 0x7fa91a0a8970, 5
/lib/x86_64-linux-gnu/libc.so.6, 0x7fa91a00b000, __libc_alloc_buffer_create_failure, 0x7fa91a0a8890, 5
/home/student/Desktop/Optimization/HW1/bzip2, 0x400000, strncmp@plt, 0x4010c0, 5
/home/student/Desktop/Optimization/HW1/bzip2, 0x400000, fopen@plt, 0x401290, 5
/lib/x86_64-linux-gnu/libc.so.6, 0x7fa91a00b000, chown, 0x7fa91a11c4b0, 5
/lib/x86_64-linux-gnu/libc.so.6, 0x7fa91a00b000, exit, 0x7fa91a04e240, 5
/lib/x86_64-linux-gnu/libc.so.6, 0x7fa91a00b000, unlink, 0x7fa91a11ce10, 5
/home/student/Desktop/Optimization/HW1/bzip2, 0x400000, bz_config_ok, 0x404f08, 5
/home/student/Desktop/Optimization/HW1/bzip2, 0x400000, fgetc@plt, 0x401180, 5
/usr/lib/x86_64-linux-gnu/libgomp.so.1, 0x7fa91a61b000, pthread_key_delete@plt, 0x7fa91a6222f0, 4
/lib/x86_64-linux-gnu/libc.so.6, 0x7fa91a00b000, .plt, 0x7fa91a02bfd0, 4
/lib/x86_64-linux-gnu/libpthread.so.0, 0x7fa91a3fc000, frame_dummy, 0x7fa91a401c80, 4
/lib/x86_64-linux-gnu/libpthread.so.0, 0x7fa91a3fc000, _init, 0x7fa91a401678, 4
/home/student/Desktop/Optimization/HW1/bzip2, 0x400000, fflush@plt, 0x401230, 4
/usr/lib/x86_64-linux-gnu/libgomp.so.1, 0x7fa91a61b000, pthread_getaffinity_np@plt, 0x7fa91a622130, 4
/home/student/Desktop/Optimization/HW1/bzip2, 0x400000, getenv@plt, 0x401060, 4
/home/student/Desktop/Optimization/HW1/bzip2, 0x400000, __xstat@plt, 0x401210, 4
/home/student/Desktop/Optimization/HW1/bzip2, 0x400000, ungetc@plt, 0x401240, 4
/usr/lib/x86_64-linux-gnu/libgomp.so.1, 0x7fa91a61b000, pthread_key_create@plt, 0x7fa91a622220, 4
/home/student/Desktop/Optimization/HW1/bzip2, 0x400000, _init, 0x401038, 4
/home/student/Desktop/Optimization/HW1/bzip2, 0x400000, fread@plt, 0x401110, 4
/home/student/Desktop/Optimization/HW1/bzip2, 0x400000, chown@plt, 0x401250, 3
/lib/x86_64-linux-gnu/libc.so.6, 0x7fa91a00b000, @plt, 0x7fa91a02c110, 3
/lib/x86_64-linux-gnu/libc.so.6, 0x7fa91a00b000, @plt, 0x7fa91a02c230, 3
/lib/x86_64-linux-gnu/libdl.so.2, 0x7fa919e07000, dlmopen, 0x7fa919e08b40, 3
/home/student/Desktop/Optimization/HW1/bzip2, 0x400000, remove@plt, 0x4010b0, 3
/home/student/Desktop/Optimization/HW1/bzip2, 0x400000, open@plt, 0x401280, 3
/usr/lib/x86_64-linux-gnu/libgomp.so.1, 0x7fa91a61b000, .fini, 0x7fa91a640920, 3
/lib/x86_64-linux-gnu/libpthread.so.0, 0x7fa91a3fc000, __libc_pthread_init@plt, 0x7fa91a401a00, 3
/lib/x86_64-linux-gnu/libpthread.so.0, 0x7fa91a3fc000, _fini, 0x7fa91a410274, 3
/lib/x86_64-linux-gnu/libpthread.so.0, 0x7fa91a3fc000, __getrlimit@plt, 0x7fa91a4016d0, 3
/lib/x86_64-linux-gnu/libdl.so.2, 0x7fa919e07000, .fini, 0x7fa919e08bf0, 3
/lib/x86_64-linux-gnu/libpthread.so.0, 0x7fa91a3fc000, _dl_get_tls_static_info@plt, 0x7fa91a401b00, 3
/home/student/Desktop/Optimization/HW1/bzip2, 0x400000, fdopen@plt, 0x401260, 3
/usr/lib/x86_64-linux-gnu/libgomp.so.1, 0x7fa91a61b000, pthread_attr_setdetachstate@plt, 0x7fa91a622110, 3
/lib/x86_64-linux-gnu/libpthread.so.0, 0x7fa91a3fc000, __getpagesize@plt, 0x7fa91a4019d0, 3
/usr/lib/x86_64-linux-gnu/libgomp.so.1, 0x7fa91a61b000, pthread_attr_init@plt, 0x7fa91a622080, 3
/home/student/Desktop/Optimization/HW1/bzip2, 0x400000, fwrite@plt, 0x4012d0, 3
/usr/lib/x86_64-linux-gnu/libgomp.so.1, 0x7fa91a61b000, __sched_cpucount@plt, 0x7fa91a621f70, 3
/lib/x86_64-linux-gnu/libpthread.so.0, 0x7fa91a3fc000, memset@plt, 0x7fa91a401850, 3
/usr/lib/x86_64-linux-gnu/libgomp.so.1, 0x7fa91a61b000, realloc@plt, 0x7fa91a622200, 3
/home/student/Desktop/Optimization/HW1/bzip2, 0x400000, __libc_start_main@plt, 0x4011b0, 3
/usr/lib/x86_64-linux-gnu/libgomp.so.1, 0x7fa91a61b000, pthread_self@plt, 0x7fa91a622250, 3
/usr/lib/x86_64-linux-gnu/libgomp.so.1, 0x7fa91a61b000, malloc@plt, 0x7fa91a622150, 3
/home/student/Desktop/Optimization/HW1/bzip2, 0x400000, frame_dummy, 0x4013f0, 3
/lib/x86_64-linux-gnu/libc.so.6, 0x7fa91a00b000, _dl_find_dso_for_object@plt, 0x7fa91a02c1a0, 3
/usr/lib/x86_64-linux-gnu/libgomp.so.1, 0x7fa91a61b000, sysconf@plt, 0x7fa91a6222a0, 3
/usr/lib/x86_64-linux-gnu/libgomp.so.1, 0x7fa91a61b000, secure_getenv@plt, 0x7fa91a621ef0, 3
/home/student/Desktop/Optimization/HW1/bzip2, 0x400000, chmod@plt, 0x401270, 3
/home/student/Desktop/Optimization/HW1/bzip2, 0x400000, utime@plt, 0x401070, 3
/lib/x86_64-linux-gnu/libpthread.so.0, 0x7fa91a3fc000, pthread_self, 0x7fa91a404d90, 2
/lib/x86_64-linux-gnu/libc.so.6, 0x7fa91a00b000, _setjmp, 0x7fa91a049d30, 2
/lib/x86_64-linux-gnu/libc.so.6, 0x7fa91a00b000, @plt, 0x7fa91a02c270, 1
/usr/lib/x86_64-linux-gnu/libgomp.so.1, 0x7fa91a61b000, .plt.got, 0x7fa91a6223d0, 1
/lib/x86_64-linux-gnu/libpthread.so.0, 0x7fa91a3fc000, .plt.got, 0x7fa91a401ba0, 1
/lib/x86_64-linux-gnu/libc.so.6, 0x7fa91a00b000, @plt, 0x7fa91a02c160, 1
/lib/x86_64-linux-gnu/libdl.so.2, 0x7fa919e07000, .plt.got, 0x7fa919e07e20, 1
