/lib64/ld-linux-x86-64.so.2, 0x7f20eeac4000, _dl_rtld_di_serinfo, 0x7f20eeacdd60, 1826090
/lib64/ld-linux-x86-64.so.2, 0x7f20eeac4000, _dl_catch_error, 0x7f20eeadfec0, 82834
/lib/x86_64-linux-gnu/libc.so.6, 0x7f20d9a8a000, _dl_addr, 0x7f20d9befec0, 59300
/usr/lib/x86_64-linux-gnu/libstdc++.so.6, 0x7f20da093000, _ZSt16__ostream_insertIcSt11char_traitsIcEERSt13basic_ostreamIT_T0_ES6_PKS3_l, 0x7f20da1a6a40, 34476
/lib64/ld-linux-x86-64.so.2, 0x7f20eeac4000, _dl_exception_free, 0x7f20eeadbe10, 29795
/usr/lib/x86_64-linux-gnu/libstdc++.so.6, 0x7f20da093000, _ZNSt13basic_filebufIcSt11char_traitsIcEE6xsputnEPKcl, 0x7f20da182640, 27044
/usr/lib/x86_64-linux-gnu/libstdc++.so.6, 0x7f20da093000, _ZNSi3getERc, 0x7f20da18ebe0, 24382
/usr/lib/x86_64-linux-gnu/libstdc++.so.6, 0x7f20da093000, _ZNSt15basic_streambufIcSt11char_traitsIcEE6xsputnEPKcl, 0x7f20da1b6430, 22987
/usr/lib/x86_64-linux-gnu/libstdc++.so.6, 0x7f20da093000, _ZNSi6sentryC1ERSib, 0x7f20da18e410, 18279
/usr/lib/x86_64-linux-gnu/libstdc++.so.6, 0x7f20da093000, _ZNSo6sentryC1ERSo, 0x7f20da1a63e0, 14872
/lib64/ld-linux-x86-64.so.2, 0x7f20eeac4000, _dl_debug_state, 0x7f20eead4f60, 14534
/lib/x86_64-linux-gnu/libc.so.6, 0x7f20d9a8a000, __nss_group_lookup, 0x7f20d9bf3c80, 12398
/usr/lib/x86_64-linux-gnu/libstdc++.so.6, 0x7f20da093000, _ZNSt6locale5_Impl16_M_install_facetEPKNS_2idEPKNS_5facetE, 0x7f20da137c50, 10920
/lib64/ld-linux-x86-64.so.2, 0x7f20eeac4000, .text, 0x7f20eeac4f10, 9863
/lib/x86_64-linux-gnu/libc.so.6, 0x7f20d9a8a000, btowc, 0x7f20d9b47470, 9216
/home/student/Desktop/Optimization/pin-3.18-98332-gaebd7b1e6-gcc-linux/source/tools/Utils/obj-intel64/cp-pin.exe, 0x400000, main, 0x400af0, 8831
/lib64/ld-linux-x86-64.so.2, 0x7f20eeac4000, _dl_find_dso_for_object, 0x7f20eead8800, 4384
/usr/lib/x86_64-linux-gnu/libstdc++.so.6, 0x7f20da093000, _ZNSo6sentryD1Ev, 0x7f20da1a6450, 4056
/usr/lib/x86_64-linux-gnu/libstdc++.so.6, 0x7f20da093000, __dynamic_cast, 0x7f20da1243f0, 3952
/lib/x86_64-linux-gnu/libc.so.6, 0x7f20d9a8a000, wctob, 0x7f20d9b47630, 3200
/usr/lib/x86_64-linux-gnu/libstdc++.so.6, 0x7f20da093000, _ZNSt5ctypeIwE19_M_initialize_ctypeEv, 0x7f20da15b690, 2732
/lib/x86_64-linux-gnu/libc.so.6, 0x7f20d9a8a000, _IO_str_seekoff, 0x7f20d9b1a4f0, 2557
/usr/lib/x86_64-linux-gnu/libstdc++.so.6, 0x7f20da093000, _ZNK10__cxxabiv120__si_class_type_info12__do_dyncastElNS_17__class_type_info10__sub_kindEPKS1_PKvS4_S6_RNS1_16__dyncast_resultE, 0x7f20da1269e0, 2100
/lib64/ld-linux-x86-64.so.2, 0x7f20eeac4000, __get_cpu_features, 0x7f20eeaddbd0, 1635
/lib/x86_64-linux-gnu/libc.so.6, 0x7f20d9a8a000, __bzero, 0x7f20d9b45600, 1526
/usr/lib/x86_64-linux-gnu/libstdc++.so.6, 0x7f20da093000, _ZNKSt7codecvtIcc11__mbstate_tE16do_always_noconvEv, 0x7f20da133120, 1360
/usr/lib/x86_64-linux-gnu/libstdc++.so.6, 0x7f20da093000, _ZNSt6locale5_ImplC2Em, 0x7f20da138340, 1174
/usr/lib/x86_64-linux-gnu/libstdc++.so.6, 0x7f20da093000, _ZNKSt6locale2id5_M_idEv, 0x7f20da137c10, 1094
/usr/lib/x86_64-linux-gnu/libstdc++.so.6, 0x7f20da093000, _ZNK10__cxxabiv121__vmi_class_type_info12__do_dyncastElNS_17__class_type_info10__sub_kindEPKS1_PKvS4_S6_RNS1_16__dyncast_resultE, 0x7f20da127240, 1056
/lib/x86_64-linux-gnu/libc.so.6, 0x7f20d9a8a000, wctype_l, 0x7f20d9bafd80, 1026
/lib64/ld-linux-x86-64.so.2, 0x7f20eeac4000, malloc, 0x7f20eeadf6b0, 729
/usr/lib/x86_64-linux-gnu/libstdc++.so.6, 0x7f20da093000, _ZNSt6localeC2Ev, 0x7f20da139450, 690
/home/student/Desktop/Optimization/pin-3.18-98332-gaebd7b1e6-gcc-linux/source/tools/Utils/obj-intel64/cp-pin.exe, 0x400000, _ZNSi3getERc@plt, 0x400aa0, 679
/usr/lib/x86_64-linux-gnu/libstdc++.so.6, 0x7f20da093000, _ZNSi6sentryC1ERSib@plt, 0x7f20da11ea90, 679
/usr/lib/x86_64-linux-gnu/libstdc++.so.6, 0x7f20da093000, _ZNSo6sentryD1Ev@plt, 0x7f20da11cba0, 678
/home/student/Desktop/Optimization/pin-3.18-98332-gaebd7b1e6-gcc-linux/source/tools/Utils/obj-intel64/cp-pin.exe, 0x400000, _ZSt16__ostream_insertIcSt11char_traitsIcEERSt13basic_ostreamIT_T0_ES6_PKS3_l@plt, 0x400a80, 678
/usr/lib/x86_64-linux-gnu/libstdc++.so.6, 0x7f20da093000, _ZNSo6sentryC1ERSo@plt, 0x7f20da11f200, 678
/usr/lib/x86_64-linux-gnu/libstdc++.so.6, 0x7f20da093000, _ZNSt15basic_streambufIcSt11char_traitsIcEE6xsputnEPKcl@plt, 0x7f20da11de30, 678
/usr/lib/x86_64-linux-gnu/libstdc++.so.6, 0x7f20da093000, memcpy@plt, 0x7f20da11f100, 677
/lib/x86_64-linux-gnu/libc.so.6, 0x7f20d9a8a000, __gconv_get_alias_db, 0x7f20d9aad920, 640
/usr/lib/x86_64-linux-gnu/libstdc++.so.6, 0x7f20da093000, _ZNSt8ios_baseC2Ev, 0x7f20da14f200, 580
/lib/x86_64-linux-gnu/libc.so.6, 0x7f20d9a8a000, _dl_mcount_wrapper_check, 0x7f20d9bf0240, 512
/usr/lib/x86_64-linux-gnu/libstdc++.so.6, 0x7f20da093000, _ZNSt8numpunctIcE22_M_initialize_numpunctEP15__locale_struct, 0x7f20da142850, 419
/usr/lib/x86_64-linux-gnu/libstdc++.so.6, 0x7f20da093000, _ZNSt7__cxx118numpunctIcE22_M_initialize_numpunctEP15__locale_struct, 0x7f20da145360, 419
/lib/x86_64-linux-gnu/libc.so.6, 0x7f20d9a8a000, __cxa_finalize, 0x7f20d9acd640, 391
/usr/lib/x86_64-linux-gnu/libstdc++.so.6, 0x7f20da093000, .text, 0x7f20da11f490, 369
/lib/x86_64-linux-gnu/libc.so.6, 0x7f20d9a8a000, cfree, 0x7f20d9b21a30, 368
/lib64/ld-linux-x86-64.so.2, 0x7f20eeac4000, __tunable_get_val, 0x7f20eeadd3f0, 361
/usr/lib/x86_64-linux-gnu/libstdc++.so.6, 0x7f20da093000, _ZNSt7__cxx118numpunctIwE22_M_initialize_numpunctEP15__locale_struct, 0x7f20da145630, 349
/usr/lib/x86_64-linux-gnu/libstdc++.so.6, 0x7f20da093000, _ZNSt8numpunctIwE22_M_initialize_numpunctEP15__locale_struct, 0x7f20da142b20, 349
/lib64/ld-linux-x86-64.so.2, 0x7f20eeac4000, _dl_catch_exception, 0x7f20eeadfe10, 341
/lib64/ld-linux-x86-64.so.2, 0x7f20eeac4000, _dl_get_tls_static_info, 0x7f20eead7230, 327
/usr/lib/x86_64-linux-gnu/libstdc++.so.6, 0x7f20da093000, _ZNSt6thread15_M_start_threadESt10shared_ptrINS_10_Impl_baseEE, 0x7f20da150c20, 321
/lib/x86_64-linux-gnu/libc.so.6, 0x7f20d9a8a000, __libc_malloc, 0x7f20d9b21140, 310
/lib/x86_64-linux-gnu/libc.so.6, 0x7f20d9a8a000, _IO_fflush, 0x7f20d9b088c0, 300
/usr/lib/x86_64-linux-gnu/libstdc++.so.6, 0x7f20da093000, _ZNSt8ios_base7_M_initEv, 0x7f20da136d50, 300
/lib/x86_64-linux-gnu/libc.so.6, 0x7f20d9a8a000, __secure_getenv, 0x7f20d9accfd0, 279
/usr/lib/x86_64-linux-gnu/libstdc++.so.6, 0x7f20da093000, _ZNSt8ios_base4InitC1Ev, 0x7f20da136260, 268
/usr/lib/x86_64-linux-gnu/libstdc++.so.6, 0x7f20da093000, btowc@plt, 0x7f20da11eb00, 258
/lib/x86_64-linux-gnu/libc.so.6, 0x7f20d9a8a000, __cxa_atexit, 0x7f20d9acd550, 252
/usr/lib/x86_64-linux-gnu/libstdc++.so.6, 0x7f20da093000, _ZNSt6localeaSERKS_, 0x7f20da137980, 252
/lib/x86_64-linux-gnu/libc.so.6, 0x7f20d9a8a000, explicit_bzero, 0x7f20d9b326f0, 240
/usr/lib/x86_64-linux-gnu/libstdc++.so.6, 0x7f20da093000, _ZNSt9basic_iosIcSt11char_traitsIcEE15_M_cache_localeERKSt6locale, 0x7f20da18baa0, 240
/lib/x86_64-linux-gnu/libc.so.6, 0x7f20d9a8a000, on_exit, 0x7f20d9acd260, 239
/lib/x86_64-linux-gnu/libc.so.6, 0x7f20d9a8a000, _IO_un_link, 0x7f20d9b17690, 226
/lib/x86_64-linux-gnu/libc.so.6, 0x7f20d9a8a000, _IO_adjust_column, 0x7f20d9b19170, 206
/usr/lib/x86_64-linux-gnu/libstdc++.so.6, 0x7f20da093000, .plt, 0x7f20da11bfe0, 204
/lib/x86_64-linux-gnu/libc.so.6, 0x7f20d9a8a000, _IO_link_in, 0x7f20d9b17980, 204
/usr/lib/x86_64-linux-gnu/libstdc++.so.6, 0x7f20da093000, _ZNSt9basic_iosIcSt11char_traitsIcEE4initEPSt15basic_streambufIcS1_E, 0x7f20da18bf00, 176
/usr/lib/x86_64-linux-gnu/libstdc++.so.6, 0x7f20da093000, _ZSt9has_facetISt7num_getIcSt19istreambuf_iteratorIcSt11char_traitsIcEEEEbRKSt6locale, 0x7f20da198ea0, 168
/usr/lib/x86_64-linux-gnu/libstdc++.so.6, 0x7f20da093000, _ZSt9has_facetISt5ctypeIcEEbRKSt6locale, 0x7f20da198d10, 168
/usr/lib/x86_64-linux-gnu/libstdc++.so.6, 0x7f20da093000, _ZSt9has_facetISt7num_putIcSt19ostreambuf_iteratorIcSt11char_traitsIcEEEEbRKSt6locale, 0x7f20da198e50, 168
/lib/x86_64-linux-gnu/libc.so.6, 0x7f20d9a8a000, _IO_file_fopen, 0x7f20d9b16580, 157
/lib64/ld-linux-x86-64.so.2, 0x7f20eeac4000, _dl_allocate_tls_init, 0x7f20eead7320, 153
/usr/lib/x86_64-linux-gnu/libstdc++.so.6, 0x7f20da093000, _ZSt9use_facetISt7num_getIcSt19istreambuf_iteratorIcSt11char_traitsIcEEEERKT_RKSt6locale, 0x7f20da197d90, 152
/usr/lib/x86_64-linux-gnu/libstdc++.so.6, 0x7f20da093000, _ZSt9use_facetISt7num_putIcSt19ostreambuf_iteratorIcSt11char_traitsIcEEEERKT_RKSt6locale, 0x7f20da197d40, 152
/usr/lib/x86_64-linux-gnu/libstdc++.so.6, 0x7f20da093000, _ZSt9use_facetISt5ctypeIcEERKT_RKSt6locale, 0x7f20da197190, 152
/lib/x86_64-linux-gnu/libc.so.6, 0x7f20d9a8a000, fclose, 0x7f20d9b08330, 150
/usr/lib/x86_64-linux-gnu/libstdc++.so.6, 0x7f20da093000, _ZNSt11__timepunctIwE23_M_initialize_timepunctEP15__locale_struct, 0x7f20da146270, 146
/lib64/ld-linux-x86-64.so.2, 0x7f20eeac4000, calloc, 0x7f20eeadf7e0, 144
/usr/lib/x86_64-linux-gnu/libstdc++.so.6, 0x7f20da093000, _ZNKSt6locale2id5_M_idEv@plt, 0x7f20da11d010, 138
/usr/lib/x86_64-linux-gnu/libstdc++.so.6, 0x7f20da093000, _ZNKSt5ctypeIwE19_M_convert_to_wmaskEt, 0x7f20da15b0d0, 137
/usr/lib/x86_64-linux-gnu/libstdc++.so.6, 0x7f20da093000, _ZNSt6localeD1Ev, 0x7f20da137a10, 132
/usr/lib/x86_64-linux-gnu/libstdc++.so.6, 0x7f20da093000, _ZNSt10moneypunctIwLb0EE24_M_initialize_moneypunctEP15__locale_structPKc, 0x7f20da141f90, 130
/usr/lib/x86_64-linux-gnu/libstdc++.so.6, 0x7f20da093000, _ZNSt10moneypunctIwLb1EE24_M_initialize_moneypunctEP15__locale_structPKc, 0x7f20da1419b0, 130
/usr/lib/x86_64-linux-gnu/libstdc++.so.6, 0x7f20da093000, _ZNSt7__cxx1110moneypunctIwLb0EE24_M_initialize_moneypunctEP15__locale_structPKc, 0x7f20da144ba0, 130
/usr/lib/x86_64-linux-gnu/libstdc++.so.6, 0x7f20da093000, wctob@plt, 0x7f20da11d6e0, 130
/usr/lib/x86_64-linux-gnu/libstdc++.so.6, 0x7f20da093000, _ZNSt7__cxx1110moneypunctIwLb1EE24_M_initialize_moneypunctEP15__locale_structPKc, 0x7f20da1445c0, 130
/usr/lib/x86_64-linux-gnu/libstdc++.so.6, 0x7f20da093000, _ZNSt6locale5facet15_S_get_c_localeEv, 0x7f20da1377d0, 128
/usr/lib/x86_64-linux-gnu/libstdc++.so.6, 0x7f20da093000, _ZNSt13basic_filebufIcSt11char_traitsIcEE9underflowEv, 0x7f20da181650, 124
/usr/lib/x86_64-linux-gnu/libstdc++.so.6, 0x7f20da093000, _ZNSt7__cxx1110moneypunctIcLb0EE24_M_initialize_moneypunctEP15__locale_structPKc, 0x7f20da143ea0, 122
/usr/lib/x86_64-linux-gnu/libstdc++.so.6, 0x7f20da093000, _ZNSt7__cxx1110moneypunctIcLb1EE24_M_initialize_moneypunctEP15__locale_structPKc, 0x7f20da143980, 122
/usr/lib/x86_64-linux-gnu/libstdc++.so.6, 0x7f20da093000, _ZNSt10moneypunctIcLb0EE24_M_initialize_moneypunctEP15__locale_structPKc, 0x7f20da141290, 122
/usr/lib/x86_64-linux-gnu/libstdc++.so.6, 0x7f20da093000, _ZNSt10moneypunctIcLb1EE24_M_initialize_moneypunctEP15__locale_structPKc, 0x7f20da140d70, 122
/lib/x86_64-linux-gnu/libc.so.6, 0x7f20d9a8a000, _IO_enable_locks, 0x7f20d9b18b30, 120
/usr/lib/x86_64-linux-gnu/libstdc++.so.6, 0x7f20da093000, _ZNSt9basic_iosIwSt11char_traitsIwEE15_M_cache_localeERKSt6locale, 0x7f20da18c3f0, 120
/usr/lib/x86_64-linux-gnu/libstdc++.so.6, 0x7f20da093000, _ZNSt13basic_filebufIcSt11char_traitsIcEEC1Ev, 0x7f20da182990, 114
/lib64/ld-linux-x86-64.so.2, 0x7f20eeac4000, _dl_mcount, 0x7f20eead6a90, 114
/usr/lib/x86_64-linux-gnu/libstdc++.so.6, 0x7f20da093000, _ZNSt5ctypeIcEC2EPKtbm, 0x7f20da15ae80, 113
/lib/x86_64-linux-gnu/libc.so.6, 0x7f20d9a8a000, _IO_file_close_it, 0x7f20d9b16260, 108
/lib/x86_64-linux-gnu/libgcc_s.so.1, 0x7f20d9e7b000, .text, 0x7f20d9e7dac0, 106
/usr/lib/x86_64-linux-gnu/libstdc++.so.6, 0x7f20da093000, _ZNSt13basic_filebufIcSt11char_traitsIcEE4openEPKcSt13_Ios_Openmode, 0x7f20da187090, 106
/usr/lib/x86_64-linux-gnu/libstdc++.so.6, 0x7f20da093000, _ZNSt11__timepunctIcE23_M_initialize_timepunctEP15__locale_struct, 0x7f20da1458f0, 105
/usr/lib/x86_64-linux-gnu/libstdc++.so.6, 0x7f20da093000, _ZNSt13basic_filebufIcSt11char_traitsIcEE5closeEv, 0x7f20da186530, 102
/lib/x86_64-linux-gnu/libc.so.6, 0x7f20d9a8a000, _IO_file_sync, 0x7f20d9b147a0, 102
/lib/x86_64-linux-gnu/libc.so.6, 0x7f20d9a8a000, _init, 0x7f20d9aab980, 99
/usr/lib/x86_64-linux-gnu/libstdc++.so.6, 0x7f20da093000, _ZNSt13basic_filebufIcSt11char_traitsIcEE8overflowEi, 0x7f20da1834a0, 95
/lib64/ld-linux-x86-64.so.2, 0x7f20eeac4000, free, 0x7f20eeadf820, 92
/lib/x86_64-linux-gnu/libgcc_s.so.1, 0x7f20d9e7b000, __cpu_indicator_init, 0x7f20d9e7ddf0, 88
/usr/lib/x86_64-linux-gnu/libstdc++.so.6, 0x7f20da093000, _ZNSt9basic_iosIwSt11char_traitsIwEE4initEPSt15basic_streambufIwS1_E, 0x7f20da18c7f0, 88
/lib/x86_64-linux-gnu/libc.so.6, 0x7f20d9a8a000, .text, 0x7f20d9aab2d0, 86
/usr/lib/x86_64-linux-gnu/libstdc++.so.6, 0x7f20da093000, _ZSt9has_facetISt7num_getIwSt19istreambuf_iteratorIwSt11char_traitsIwEEEEbRKSt6locale, 0x7f20da1bf0a0, 84
/usr/lib/x86_64-linux-gnu/libstdc++.so.6, 0x7f20da093000, _ZSt9has_facetISt7num_putIwSt19ostreambuf_iteratorIwSt11char_traitsIwEEEEbRKSt6locale, 0x7f20da1bf050, 84
/usr/lib/x86_64-linux-gnu/libstdc++.so.6, 0x7f20da093000, _ZSt9has_facetISt5ctypeIwEEbRKSt6locale, 0x7f20da1bef10, 84
/lib/x86_64-linux-gnu/libc.so.6, 0x7f20d9a8a000, fopen64, 0x7f20d9b08f10, 82
/usr/lib/x86_64-linux-gnu/libstdc++.so.6, 0x7f20da093000, __dynamic_cast@plt, 0x7f20da11e520, 78
/usr/lib/x86_64-linux-gnu/libstdc++.so.6, 0x7f20da093000, _ZSt9use_facetISt7num_getIwSt19istreambuf_iteratorIwSt11char_traitsIwEEEERKT_RKSt6locale, 0x7f20da1bdf30, 76
/usr/lib/x86_64-linux-gnu/libstdc++.so.6, 0x7f20da093000, _ZSt9use_facetISt7num_putIwSt19ostreambuf_iteratorIwSt11char_traitsIwEEEERKT_RKSt6locale, 0x7f20da1bdee0, 76
/usr/lib/x86_64-linux-gnu/libstdc++.so.6, 0x7f20da093000, _ZSt9use_facetISt5ctypeIwEERKT_RKSt6locale, 0x7f20da1bd4b0, 76
/usr/lib/x86_64-linux-gnu/libstdc++.so.6, 0x7f20da093000, _ZNSt13basic_filebufIcSt11char_traitsIcEE19_M_terminate_outputEv, 0x7f20da183260, 71
/lib/x86_64-linux-gnu/libc.so.6, 0x7f20d9a8a000, @plt, 0x7f20d9aab100, 68
/lib/x86_64-linux-gnu/libc.so.6, 0x7f20d9a8a000, strsignal, 0x7f20d9b27fa0, 68
/usr/lib/x86_64-linux-gnu/libstdc++.so.6, 0x7f20da093000, _ZNSt14basic_ifstreamIcSt11char_traitsIcEEC1EPKcSt13_Ios_Openmode, 0x7f20da187a30, 59
/usr/lib/x86_64-linux-gnu/libstdc++.so.6, 0x7f20da093000, _ZNSt14basic_ofstreamIcSt11char_traitsIcEEC1EPKcSt13_Ios_Openmode, 0x7f20da187800, 58
/lib/x86_64-linux-gnu/libc.so.6, 0x7f20d9a8a000, __open64, 0x7f20d9b99d10, 58
/lib/x86_64-linux-gnu/libc.so.6, 0x7f20d9a8a000, __libc_start_main, 0x7f20d9aabb10, 53
/usr/lib/x86_64-linux-gnu/libstdc++.so.6, 0x7f20da093000, _ZNSt12__basic_fileIcE4openEPKcSt13_Ios_Openmodei, 0x7f20da146e20, 52
/lib/x86_64-linux-gnu/libc.so.6, 0x7f20d9a8a000, _IO_default_finish, 0x7f20d9b18d30, 50
/usr/lib/x86_64-linux-gnu/libstdc++.so.6, 0x7f20da093000, _ZNSt12__basic_fileIcE6xsgetnEPcl, 0x7f20da146ef0, 50
/lib/x86_64-linux-gnu/libc.so.6, 0x7f20d9a8a000, __newlocale, 0x7f20d9ab9240, 50
/lib/x86_64-linux-gnu/libc.so.6, 0x7f20d9a8a000, @plt, 0x7f20d9aab220, 49
/lib/x86_64-linux-gnu/libc.so.6, 0x7f20d9a8a000, __sbrk, 0x7f20d9ba0260, 48
/lib/x86_64-linux-gnu/libc.so.6, 0x7f20d9a8a000, __register_atfork, 0x7f20d9bba6b0, 48
/usr/lib/x86_64-linux-gnu/libstdc++.so.6, 0x7f20da093000, _Znwm, 0x7f20da126280, 44
/usr/lib/x86_64-linux-gnu/libstdc++.so.6, 0x7f20da093000, _ZNSo5flushEv, 0x7f20da1a5c30, 42
/usr/lib/x86_64-linux-gnu/libstdc++.so.6, 0x7f20da093000, _ZSt9has_facetISt7codecvtIcc11__mbstate_tEEbRKSt6locale, 0x7f20da198d60, 42
/usr/lib/x86_64-linux-gnu/libstdc++.so.6, 0x7f20da093000, _ZNSt13basic_ostreamIwSt11char_traitsIwEE5flushEv, 0x7f20da1a8120, 42
/lib/x86_64-linux-gnu/libc.so.6, 0x7f20d9a8a000, uselocale, 0x7f20d9aba150, 42
/home/student/Desktop/Optimization/pin-3.18-98332-gaebd7b1e6-gcc-linux/source/tools/Utils/obj-intel64/cp-pin.exe, 0x400000, __libc_csu_init, 0x400d50, 41
/lib64/ld-linux-x86-64.so.2, 0x7f20eeac4000, _dl_deallocate_tls, 0x7f20eead76b0, 40
/usr/lib/x86_64-linux-gnu/libstdc++.so.6, 0x7f20da093000, _ZNSt13basic_filebufIcSt11char_traitsIcEE26_M_destroy_internal_bufferEv, 0x7f20da183000, 38
/usr/lib/x86_64-linux-gnu/libstdc++.so.6, 0x7f20da093000, _ZSt9use_facetISt7codecvtIcc11__mbstate_tEERKT_RKSt6locale, 0x7f20da197830, 38
/usr/lib/x86_64-linux-gnu/libstdc++.so.6, 0x7f20da093000, _ZNSt13basic_filebufIcSt11char_traitsIcEE22_M_convert_to_externalEPcl, 0x7f20da183070, 38
/lib/x86_64-linux-gnu/libm.so.6, 0x7f20d96ec000, .text, 0x7f20d96f7a80, 37
/lib/x86_64-linux-gnu/libc.so.6, 0x7f20d9a8a000, _IO_setb, 0x7f20d9b18370, 36
/lib64/ld-linux-x86-64.so.2, 0x7f20eeac4000, malloc@plt, 0x7f20eeac4ea0, 36
/usr/lib/x86_64-linux-gnu/libstdc++.so.6, 0x7f20da093000, _ZNSt6locale5_Impl16_M_install_facetEPKNS_2idEPKNS_5facetE@plt, 0x7f20da11d750, 32
/usr/lib/x86_64-linux-gnu/libstdc++.so.6, 0x7f20da093000, _ZNSt6localeC1Ev@plt, 0x7f20da11d0c0, 32
/usr/lib/x86_64-linux-gnu/libstdc++.so.6, 0x7f20da093000, __cxa_guard_acquire, 0x7f20da125ed0, 30
/usr/lib/x86_64-linux-gnu/libstdc++.so.6, 0x7f20da093000, _ZNSt12__basic_fileIcE5closeEv, 0x7f20da146e90, 30
/usr/lib/x86_64-linux-gnu/libstdc++.so.6, 0x7f20da093000, _ZNKSt12__basic_fileIcE7is_openEv, 0x7f20da146d10, 30
/lib/x86_64-linux-gnu/libc.so.6, 0x7f20d9a8a000, __sigsetjmp, 0x7f20d9ac8c90, 27
/usr/lib/x86_64-linux-gnu/libstdc++.so.6, 0x7f20da093000, _ZNSt15basic_streambufIcSt11char_traitsIcEE5uflowEv, 0x7f20da1b64d0, 27
/lib/x86_64-linux-gnu/libc.so.6, 0x7f20d9a8a000, _IO_file_xsputn, 0x7f20d9b15a00, 26
/lib/x86_64-linux-gnu/libc.so.6, 0x7f20d9a8a000, brk, 0x7f20d9ba01f0, 24
/lib/x86_64-linux-gnu/libc.so.6, 0x7f20d9a8a000, gnu_dev_makedev, 0x7f20d9bab530, 24
/usr/lib/x86_64-linux-gnu/libstdc++.so.6, 0x7f20da093000, _ZNSt13basic_filebufIcSt11char_traitsIcEE27_M_allocate_internal_bufferEv, 0x7f20da182fc0, 24
/lib/x86_64-linux-gnu/libc.so.6, 0x7f20d9a8a000, _IO_file_finish, 0x7f20d9b16400, 24
/usr/lib/x86_64-linux-gnu/libstdc++.so.6, 0x7f20da093000, _ZNSt8ios_base4InitD2Ev, 0x7f20da136a40, 23
/usr/lib/x86_64-linux-gnu/libstdc++.so.6, 0x7f20da093000, _ZNSt11__timepunctIcEC2EPSt17__timepunct_cacheIcEm, 0x7f20da1964a0, 22
/usr/lib/x86_64-linux-gnu/libstdc++.so.6, 0x7f20da093000, _ZNSt11__timepunctIwEC1EPSt17__timepunct_cacheIwEm, 0x7f20da1bc7d0, 22
/lib64/ld-linux-x86-64.so.2, 0x7f20eeac4000, .plt.got, 0x7f20eeac4f00, 21
/home/student/Desktop/Optimization/pin-3.18-98332-gaebd7b1e6-gcc-linux/source/tools/Utils/obj-intel64/cp-pin.exe, 0x400000, .plt, 0x400a00, 20
/usr/lib/x86_64-linux-gnu/libstdc++.so.6, 0x7f20da093000, _ZNSt7__cxx118messagesIwEC1Em, 0x7f20da17b040, 19
/usr/lib/x86_64-linux-gnu/libstdc++.so.6, 0x7f20da093000, _ZNSt5ctypeIwEC1Em, 0x7f20da14bfb0, 19
/usr/lib/x86_64-linux-gnu/libstdc++.so.6, 0x7f20da093000, _ZNSt8messagesIcEC2Em, 0x7f20da196ba0, 19
/usr/lib/x86_64-linux-gnu/libstdc++.so.6, 0x7f20da093000, _ZNSt7__cxx118messagesIcEC1Em, 0x7f20da170b10, 19
/usr/lib/x86_64-linux-gnu/libstdc++.so.6, 0x7f20da093000, _ZNSt8messagesIwEC2Em, 0x7f20da1bcec0, 19
/usr/lib/x86_64-linux-gnu/libstdc++.so.6, 0x7f20da093000, _ZNSt9basic_iosIcSt11char_traitsIcEE5clearESt12_Ios_Iostate, 0x7f20da18b750, 18
/lib64/ld-linux-x86-64.so.2, 0x7f20eeac4000, calloc@plt, 0x7f20eeac4ec0, 18
/usr/lib/x86_64-linux-gnu/libstdc++.so.6, 0x7f20da093000, strcmp@plt, 0x7f20da11e3a0, 18
/lib/x86_64-linux-gnu/libc.so.6, 0x7f20d9a8a000, __read, 0x7f20d9b9a140, 18
/lib/x86_64-linux-gnu/libc.so.6, 0x7f20d9a8a000, fileno_unlocked, 0x7f20d9b11880, 18
/usr/lib/x86_64-linux-gnu/libstdc++.so.6, 0x7f20da093000, _ZSt15future_categoryv, 0x7f20da14e990, 17
/usr/lib/x86_64-linux-gnu/libstdc++.so.6, 0x7f20da093000, _ZNSt7codecvtIwc11__mbstate_tEC2Em, 0x7f20da1332d0, 17
/usr/lib/x86_64-linux-gnu/libstdc++.so.6, 0x7f20da093000, _ZNSt7codecvtIcc11__mbstate_tEC2Em, 0x7f20da133250, 17
/usr/lib/x86_64-linux-gnu/libstdc++.so.6, 0x7f20da093000, _ZNSt6locale5facet15_S_get_c_localeEv@plt, 0x7f20da11e5b0, 16
/lib/x86_64-linux-gnu/libc.so.6, 0x7f20d9a8a000, __ctype_init, 0x7f20d9aba9e0, 16
/usr/lib/x86_64-linux-gnu/libstdc++.so.6, 0x7f20da093000, _ZNSt6locale5facet13_S_get_c_nameEv, 0x7f20da137820, 14
/usr/lib/x86_64-linux-gnu/libstdc++.so.6, 0x7f20da093000, _ZNSt8ios_base7_M_initEv@plt, 0x7f20da11e850, 14
/lib/x86_64-linux-gnu/libc.so.6, 0x7f20d9a8a000, __default_morecore, 0x7f20d9b252d0, 14
/usr/lib/x86_64-linux-gnu/libstdc++.so.6, 0x7f20da093000, _ZNKSt5ctypeIwE19_M_convert_to_wmaskEt@plt, 0x7f20da11d610, 14
/usr/lib/x86_64-linux-gnu/libstdc++.so.6, 0x7f20da093000, __cxa_guard_release, 0x7f20da126050, 14
/usr/lib/x86_64-linux-gnu/libstdc++.so.6, 0x7f20da093000, _ZNSt6localeaSERKS_@plt, 0x7f20da11ddf0, 14
/usr/lib/x86_64-linux-gnu/libstdc++.so.6, 0x7f20da093000, _ZNSt6localeD1Ev@plt, 0x7f20da11e1b0, 14
/lib/x86_64-linux-gnu/libc.so.6, 0x7f20d9a8a000, __tunable_get_val@plt, 0x7f20d9aab0f0, 13
/usr/lib/x86_64-linux-gnu/libstdc++.so.6, 0x7f20da093000, _ZNSt12__basic_fileIcE6xsputnEPKcl, 0x7f20da146f40, 13
/usr/lib/x86_64-linux-gnu/libstdc++.so.6, 0x7f20da093000, __wctype_l@plt, 0x7f20da11ce10, 12
/home/student/Desktop/Optimization/pin-3.18-98332-gaebd7b1e6-gcc-linux/source/tools/Utils/obj-intel64/cp-pin.exe, 0x400000, register_tm_clones, 0x400cd0, 12
/usr/lib/x86_64-linux-gnu/libstdc++.so.6, 0x7f20da093000, _ZNKSt12__basic_fileIcE7is_openEv@plt, 0x7f20da11e680, 12
/usr/lib/x86_64-linux-gnu/libstdc++.so.6, 0x7f20da093000, _ZNSt8ios_baseC2Ev@plt, 0x7f20da11cc00, 12
/lib/x86_64-linux-gnu/libc.so.6, 0x7f20d9a8a000, _IO_unsave_markers, 0x7f20d9b19cb0, 12
/lib64/ld-linux-x86-64.so.2, 0x7f20eeac4000, _dl_catch_exception@plt, 0x7f20eeac4e90, 11
/lib/x86_64-linux-gnu/libc.so.6, 0x7f20d9a8a000, __call_tls_dtors, 0x7f20d9acd990, 11
/home/student/Desktop/Optimization/pin-3.18-98332-gaebd7b1e6-gcc-linux/source/tools/Utils/obj-intel64/cp-pin.exe, 0x400000, _start, 0x400c60, 11
/usr/lib/x86_64-linux-gnu/libstdc++.so.6, 0x7f20da093000, _ZNSt9basic_iosIcSt11char_traitsIcEE4initEPSt15basic_streambufIcS1_E@plt, 0x7f20da11e7d0, 10
/usr/lib/x86_64-linux-gnu/libstdc++.so.6, 0x7f20da093000, _ZNSt9basic_iosIcSt11char_traitsIcEE15_M_cache_localeERKSt6locale@plt, 0x7f20da11e960, 10
/usr/lib/x86_64-linux-gnu/libstdc++.so.6, 0x7f20da093000, _ZSt9has_facetISt5ctypeIcEEbRKSt6locale@plt, 0x7f20da11f220, 10
/lib/x86_64-linux-gnu/libc.so.6, 0x7f20d9a8a000, __close_nocancel, 0x7f20d9b9aa10, 10
/usr/lib/x86_64-linux-gnu/libstdc++.so.6, 0x7f20da093000, _ZSt9use_facetISt5ctypeIcEERKT_RKSt6locale@plt, 0x7f20da11c160, 10
/usr/lib/x86_64-linux-gnu/libstdc++.so.6, 0x7f20da093000, _ZSt9has_facetISt7num_putIcSt19ostreambuf_iteratorIcSt11char_traitsIcEEEEbRKSt6locale@plt, 0x7f20da11e4e0, 10
/usr/lib/x86_64-linux-gnu/libstdc++.so.6, 0x7f20da093000, _ZSt9use_facetISt7num_putIcSt19ostreambuf_iteratorIcSt11char_traitsIcEEEERKT_RKSt6locale@plt, 0x7f20da11c500, 10
/usr/lib/x86_64-linux-gnu/libstdc++.so.6, 0x7f20da093000, _ZSt9has_facetISt7num_getIcSt19istreambuf_iteratorIcSt11char_traitsIcEEEEbRKSt6locale@plt, 0x7f20da11c0a0, 10
/usr/lib/x86_64-linux-gnu/libstdc++.so.6, 0x7f20da093000, _ZSt9use_facetISt7num_getIcSt19istreambuf_iteratorIcSt11char_traitsIcEEEERKT_RKSt6locale@plt, 0x7f20da11d1e0, 10
/usr/lib/x86_64-linux-gnu/libstdc++.so.6, 0x7f20da093000, _ZNSt6locale5facet18_S_create_c_localeERP15__locale_structPKcS2_, 0x7f20da147430, 9
/usr/lib/x86_64-linux-gnu/libstdc++.so.6, 0x7f20da093000, _ZNSt3_V214error_categoryD1Ev, 0x7f20da150540, 9
/lib/x86_64-linux-gnu/libc.so.6, 0x7f20d9a8a000, __write, 0x7f20d9b9a210, 9
/usr/lib/x86_64-linux-gnu/libstdc++.so.6, 0x7f20da093000, _ZNSt6locale5facet13_S_get_c_nameEv@plt, 0x7f20da11ccd0, 9
/usr/lib/x86_64-linux-gnu/libstdc++.so.6, 0x7f20da093000, _ZNSt14error_categoryD2Ev, 0x7f20da1238f0, 8
/home/student/Desktop/Optimization/pin-3.18-98332-gaebd7b1e6-gcc-linux/source/tools/Utils/obj-intel64/cp-pin.exe, 0x400000, __do_global_dtors_aux, 0x400d10, 8
/lib/x86_64-linux-gnu/libc.so.6, 0x7f20d9a8a000, _Exit, 0x7f20d9b6eba0, 8
/usr/lib/x86_64-linux-gnu/libstdc++.so.6, 0x7f20da093000, fflush@plt, 0x7f20da11f310, 8
/usr/lib/x86_64-linux-gnu/libstdc++.so.6, 0x7f20da093000, _ZNSt14basic_ofstreamIcSt11char_traitsIcEE5closeEv, 0x7f20da188290, 8
/usr/lib/x86_64-linux-gnu/libstdc++.so.6, 0x7f20da093000, _ZNSt14basic_ifstreamIcSt11char_traitsIcEE5closeEv, 0x7f20da188260, 8
/usr/lib/x86_64-linux-gnu/libstdc++.so.6, 0x7f20da093000, _ZNSt14error_categoryC1Ev, 0x7f20da1238e0, 8
/home/student/Desktop/Optimization/pin-3.18-98332-gaebd7b1e6-gcc-linux/source/tools/Utils/obj-intel64/cp-pin.exe, 0x400000, _GLOBAL__sub_I_main, 0x400c30, 8
/usr/lib/x86_64-linux-gnu/libstdc++.so.6, 0x7f20da093000, __cxa_atexit@plt, 0x7f20da11cea0, 7
/home/student/Desktop/Optimization/pin-3.18-98332-gaebd7b1e6-gcc-linux/source/tools/Utils/obj-intel64/cp-pin.exe, 0x400000, deregister_tm_clones, 0x400ca0, 7
/usr/lib/x86_64-linux-gnu/libstdc++.so.6, 0x7f20da093000, malloc@plt, 0x7f20da11cb30, 7
/usr/lib/x86_64-linux-gnu/libstdc++.so.6, 0x7f20da093000, _ZSt9has_facetISt7num_putIwSt19ostreambuf_iteratorIwSt11char_traitsIwEEEEbRKSt6locale@plt, 0x7f20da11c8a0, 6
/usr/lib/x86_64-linux-gnu/libstdc++.so.6, 0x7f20da093000, _ZSt9use_facetISt7num_putIwSt19ostreambuf_iteratorIwSt11char_traitsIwEEEERKT_RKSt6locale@plt, 0x7f20da11e2e0, 6
/usr/lib/x86_64-linux-gnu/libstdc++.so.6, 0x7f20da093000, _ZSt9use_facetISt5ctypeIwEERKT_RKSt6locale@plt, 0x7f20da11c0f0, 6
/usr/lib/x86_64-linux-gnu/libstdc++.so.6, 0x7f20da093000, _ZSt9has_facetISt7num_getIwSt19istreambuf_iteratorIwSt11char_traitsIwEEEEbRKSt6locale@plt, 0x7f20da11ddc0, 6
/usr/lib/x86_64-linux-gnu/libstdc++.so.6, 0x7f20da093000, _ZNSt12__basic_fileIcE2fdEv, 0x7f20da146e70, 6
/usr/lib/x86_64-linux-gnu/libstdc++.so.6, 0x7f20da093000, _init, 0x7f20da11bfc0, 6
/lib/x86_64-linux-gnu/libgcc_s.so.1, 0x7f20d9e7b000, _init, 0x7f20d9e7d7e0, 6
/usr/lib/x86_64-linux-gnu/libstdc++.so.6, 0x7f20da093000, _ZSt9use_facetISt7num_getIwSt19istreambuf_iteratorIwSt11char_traitsIwEEEERKT_RKSt6locale@plt, 0x7f20da11ec70, 6
/usr/lib/x86_64-linux-gnu/libstdc++.so.6, 0x7f20da093000, _ZSt9has_facetISt5ctypeIwEEbRKSt6locale@plt, 0x7f20da11cc70, 6
/usr/lib/x86_64-linux-gnu/libstdc++.so.6, 0x7f20da093000, _ZNSt9basic_iosIwSt11char_traitsIwEE15_M_cache_localeERKSt6locale@plt, 0x7f20da11f120, 6
/lib/x86_64-linux-gnu/libm.so.6, 0x7f20d96ec000, _init, 0x7f20d96f77f0, 6
/home/student/Desktop/Optimization/pin-3.18-98332-gaebd7b1e6-gcc-linux/source/tools/Utils/obj-intel64/cp-pin.exe, 0x400000, _init, 0x4009e0, 6
/usr/lib/x86_64-linux-gnu/libstdc++.so.6, 0x7f20da093000, _ZN9__gnu_cxx18stdio_sync_filebufIwSt11char_traitsIwEE4syncEv, 0x7f20da180850, 6
/usr/lib/x86_64-linux-gnu/libstdc++.so.6, 0x7f20da093000, _ZN9__gnu_cxx18stdio_sync_filebufIcSt11char_traitsIcEE4syncEv, 0x7f20da180840, 6
/usr/lib/x86_64-linux-gnu/libstdc++.so.6, 0x7f20da093000, _ZNSt12__basic_fileIcEC2EP15pthread_mutex_t, 0x7f20da146d00, 6
/usr/lib/x86_64-linux-gnu/libstdc++.so.6, 0x7f20da093000, _ZNSt9basic_iosIwSt11char_traitsIwEE4initEPSt15basic_streambufIwS1_E@plt, 0x7f20da11df50, 6
/usr/lib/x86_64-linux-gnu/libstdc++.so.6, 0x7f20da093000, _ZNSt3_V214error_categoryD2Ev@plt, 0x7f20da11ca90, 5
/usr/lib/x86_64-linux-gnu/libstdc++.so.6, 0x7f20da093000, .plt.got, 0x7f20da11f3e0, 5
/usr/lib/x86_64-linux-gnu/libstdc++.so.6, 0x7f20da093000, fileno@plt, 0x7f20da11c100, 5
/usr/lib/x86_64-linux-gnu/libstdc++.so.6, 0x7f20da093000, _ZNSt13basic_ostreamIwSt11char_traitsIwEE5flushEv@plt, 0x7f20da11e9b0, 5
/usr/lib/x86_64-linux-gnu/libstdc++.so.6, 0x7f20da093000, _ZNSt12__basic_fileIcE2fdEv@plt, 0x7f20da11ca10, 5
/usr/lib/x86_64-linux-gnu/libstdc++.so.6, 0x7f20da093000, _ZNSo5flushEv@plt, 0x7f20da11dd60, 5
/lib/x86_64-linux-gnu/libc.so.6, 0x7f20d9a8a000, exit, 0x7f20d9acd240, 5
/usr/lib/x86_64-linux-gnu/libstdc++.so.6, 0x7f20da093000, _ZNSt9basic_iosIcSt11char_traitsIcEE5clearESt12_Ios_Iostate@plt, 0x7f20da11ed80, 5
/lib/x86_64-linux-gnu/libc.so.6, 0x7f20d9a8a000, __libc_alloc_buffer_create_failure, 0x7f20d9b27890, 4
/lib/x86_64-linux-gnu/libc.so.6, 0x7f20d9a8a000, _IO_file_close, 0x7f20d9b14910, 4
/usr/lib/x86_64-linux-gnu/libstdc++.so.6, 0x7f20da093000, _ZNSt13basic_filebufIcSt11char_traitsIcEE5closeEv@plt, 0x7f20da11eab0, 4
/usr/lib/x86_64-linux-gnu/libstdc++.so.6, 0x7f20da093000, fclose@plt, 0x7f20da11e860, 4
/usr/lib/x86_64-linux-gnu/libstdc++.so.6, 0x7f20da093000, _ZNSt12__basic_fileIcE5closeEv@plt, 0x7f20da11ea20, 4
/usr/lib/x86_64-linux-gnu/libstdc++.so.6, 0x7f20da093000, _ZNSt6locale5facetD0Ev, 0x7f20da137270, 4
/usr/lib/x86_64-linux-gnu/libstdc++.so.6, 0x7f20da093000, _ZNSt13basic_filebufIcSt11char_traitsIcEE19_M_terminate_outputEv@plt, 0x7f20da11d3b0, 4
/usr/lib/x86_64-linux-gnu/libstdc++.so.6, 0x7f20da093000, _ZNSt13basic_filebufIcSt11char_traitsIcEE26_M_destroy_internal_bufferEv@plt, 0x7f20da11d5a0, 4
/usr/lib/x86_64-linux-gnu/libstdc++.so.6, 0x7f20da093000, _ZdlPv@plt, 0x7f20da11cd00, 4
/usr/lib/x86_64-linux-gnu/libstdc++.so.6, 0x7f20da093000, _ZNSt14error_categoryC2Ev@plt, 0x7f20da11d740, 4
/usr/lib/x86_64-linux-gnu/libstdc++.so.6, 0x7f20da093000, free@plt, 0x7f20da11d3f0, 4
/usr/lib/x86_64-linux-gnu/libstdc++.so.6, 0x7f20da093000, _ZNSt14error_categoryD2Ev@plt, 0x7f20da11d930, 4
/usr/lib/x86_64-linux-gnu/libstdc++.so.6, 0x7f20da093000, __uselocale@plt, 0x7f20da11e2c0, 4
/home/student/Desktop/Optimization/pin-3.18-98332-gaebd7b1e6-gcc-linux/source/tools/Utils/obj-intel64/cp-pin.exe, 0x400000, frame_dummy, 0x400d40, 4
/usr/lib/x86_64-linux-gnu/libstdc++.so.6, 0x7f20da093000, _ZNSt12__basic_fileIcEC1EP15pthread_mutex_t@plt, 0x7f20da11ee70, 4
/usr/lib/x86_64-linux-gnu/libstdc++.so.6, 0x7f20da093000, _ZNSt13basic_filebufIcSt11char_traitsIcEEC1Ev@plt, 0x7f20da11edf0, 4
/usr/lib/x86_64-linux-gnu/libstdc++.so.6, 0x7f20da093000, _ZNSt13basic_filebufIcSt11char_traitsIcEE27_M_allocate_internal_bufferEv@plt, 0x7f20da11c790, 4
/lib/x86_64-linux-gnu/libc.so.6, 0x7f20d9a8a000, .plt.got, 0x7f20d9aab2c0, 4
/usr/lib/x86_64-linux-gnu/libstdc++.so.6, 0x7f20da093000, _Znwm@plt, 0x7f20da11c6d0, 4
/usr/lib/x86_64-linux-gnu/libstdc++.so.6, 0x7f20da093000, _ZSt9has_facetISt7codecvtIcc11__mbstate_tEEbRKSt6locale@plt, 0x7f20da11d4a0, 4
/usr/lib/x86_64-linux-gnu/libstdc++.so.6, 0x7f20da093000, fopen64@plt, 0x7f20da11ebf0, 4
/usr/lib/x86_64-linux-gnu/libstdc++.so.6, 0x7f20da093000, _ZSt9use_facetISt7codecvtIcc11__mbstate_tEERKT_RKSt6locale@plt, 0x7f20da11e360, 4
/home/student/Desktop/Optimization/pin-3.18-98332-gaebd7b1e6-gcc-linux/source/tools/Utils/obj-intel64/cp-pin.exe, 0x400000, _Znwm@plt, 0x400a50, 4
/lib/x86_64-linux-gnu/libc.so.6, 0x7f20d9a8a000, .plt, 0x7f20d9aaafd0, 4
/usr/lib/x86_64-linux-gnu/libstdc++.so.6, 0x7f20da093000, _ZNSt12__basic_fileIcE4openEPKcSt13_Ios_Openmodei@plt, 0x7f20da11cb60, 4
/usr/lib/x86_64-linux-gnu/libstdc++.so.6, 0x7f20da093000, _ZNSt13basic_filebufIcSt11char_traitsIcEE4openEPKcSt13_Ios_Openmode@plt, 0x7f20da11dfc0, 4
/usr/lib/x86_64-linux-gnu/libstdc++.so.6, 0x7f20da093000, _ZNSt12__basic_fileIcE6xsgetnEPcl@plt, 0x7f20da11d6d0, 4
/usr/lib/x86_64-linux-gnu/libstdc++.so.6, 0x7f20da093000, read@plt, 0x7f20da11cb10, 4
/usr/lib/x86_64-linux-gnu/libstdc++.so.6, 0x7f20da093000, _ZNSt7__cxx1110moneypunctIcLb1EE24_M_initialize_moneypunctEP15__locale_structPKc@plt, 0x7f20da11e6c0, 3
/usr/lib/x86_64-linux-gnu/libstdc++.so.6, 0x7f20da093000, write@plt, 0x7f20da11ef10, 3
/usr/lib/x86_64-linux-gnu/libstdc++.so.6, 0x7f20da093000, _ZNSt11__timepunctIcEC1EPSt17__timepunct_cacheIcEm@plt, 0x7f20da11de20, 3
/home/student/Desktop/Optimization/pin-3.18-98332-gaebd7b1e6-gcc-linux/source/tools/Utils/obj-intel64/cp-pin.exe, 0x400000, exit@plt, 0x400a90, 3
/usr/lib/x86_64-linux-gnu/libstdc++.so.6, 0x7f20da093000, _ZNSt6localeC1EPNS_5_ImplE@plt, 0x7f20da11c260, 3
/usr/lib/x86_64-linux-gnu/libstdc++.so.6, 0x7f20da093000, _ZNSt8messagesIwEC1Em@plt, 0x7f20da11e030, 3
/usr/lib/x86_64-linux-gnu/libstdc++.so.6, 0x7f20da093000, _ZNSt8numpunctIcE22_M_initialize_numpunctEP15__locale_struct@plt, 0x7f20da11cf90, 3
/lib/x86_64-linux-gnu/libm.so.6, 0x7f20d96ec000, .fini, 0x7f20d97b61d8, 3
/usr/lib/x86_64-linux-gnu/libstdc++.so.6, 0x7f20da093000, _ZNSt11__timepunctIcE23_M_initialize_timepunctEP15__locale_struct@plt, 0x7f20da11e1d0, 3
/usr/lib/x86_64-linux-gnu/libstdc++.so.6, 0x7f20da093000, _ZNSt7__cxx1110moneypunctIwLb1EE24_M_initialize_moneypunctEP15__locale_structPKc@plt, 0x7f20da11c990, 3
/usr/lib/x86_64-linux-gnu/libstdc++.so.6, 0x7f20da093000, _ZNSt10moneypunctIwLb1EE24_M_initialize_moneypunctEP15__locale_structPKc@plt, 0x7f20da11e4a0, 3
/usr/lib/x86_64-linux-gnu/libstdc++.so.6, 0x7f20da093000, _ZNSt7__cxx118messagesIcEC1Em@plt, 0x7f20da11c170, 3
/usr/lib/x86_64-linux-gnu/libstdc++.so.6, 0x7f20da093000, _ZNSt10moneypunctIwLb0EE24_M_initialize_moneypunctEP15__locale_structPKc@plt, 0x7f20da11dc00, 3
/lib/x86_64-linux-gnu/libgcc_s.so.1, 0x7f20d9e7b000, .fini, 0x7f20d9e8e370, 3
/usr/lib/x86_64-linux-gnu/libstdc++.so.6, 0x7f20da093000, .fini, 0x7f20da1ce9e0, 3
/usr/lib/x86_64-linux-gnu/libstdc++.so.6, 0x7f20da093000, _ZNSt8numpunctIwE22_M_initialize_numpunctEP15__locale_struct@plt, 0x7f20da11d730, 3
/usr/lib/x86_64-linux-gnu/libstdc++.so.6, 0x7f20da093000, _ZNSt8messagesIcEC1Em@plt, 0x7f20da11f340, 3
/usr/lib/x86_64-linux-gnu/libstdc++.so.6, 0x7f20da093000, _ZNSt5ctypeIwE19_M_initialize_ctypeEv@plt, 0x7f20da11d280, 3
/home/student/Desktop/Optimization/pin-3.18-98332-gaebd7b1e6-gcc-linux/source/tools/Utils/obj-intel64/cp-pin.exe, 0x400000, _fini, 0x400dc4, 3
/usr/lib/x86_64-linux-gnu/libstdc++.so.6, 0x7f20da093000, _ZNSt5ctypeIwEC1Em@plt, 0x7f20da11c5b0, 3
/usr/lib/x86_64-linux-gnu/libstdc++.so.6, 0x7f20da093000, _ZNSt10moneypunctIcLb1EE24_M_initialize_moneypunctEP15__locale_structPKc@plt, 0x7f20da11ef20, 3
/usr/lib/x86_64-linux-gnu/libstdc++.so.6, 0x7f20da093000, _ZNSt28__atomic_futex_unsigned_base19_M_futex_notify_allEPj, 0x7f20da14e570, 3
/usr/lib/x86_64-linux-gnu/libstdc++.so.6, 0x7f20da093000, _ZNSt10moneypunctIcLb0EE24_M_initialize_moneypunctEP15__locale_structPKc@plt, 0x7f20da11c470, 3
/usr/lib/x86_64-linux-gnu/libstdc++.so.6, 0x7f20da093000, __cxa_guard_acquire@plt, 0x7f20da11dfb0, 3
/home/student/Desktop/Optimization/pin-3.18-98332-gaebd7b1e6-gcc-linux/source/tools/Utils/obj-intel64/cp-pin.exe, 0x400000, _ZNSt8ios_base4InitC1Ev@plt, 0x400ac0, 3
/usr/lib/x86_64-linux-gnu/libstdc++.so.6, 0x7f20da093000, _ZSt15future_categoryv@plt, 0x7f20da11cdf0, 3
/usr/lib/x86_64-linux-gnu/libstdc++.so.6, 0x7f20da093000, __cxa_guard_release@plt, 0x7f20da11cc30, 3
/usr/lib/x86_64-linux-gnu/libstdc++.so.6, 0x7f20da093000, _ZNSt11__timepunctIwE23_M_initialize_timepunctEP15__locale_struct@plt, 0x7f20da11d910, 3
/lib/x86_64-linux-gnu/libc.so.6, 0x7f20d9a8a000, _dl_find_dso_for_object@plt, 0x7f20d9aab1a0, 3
/home/student/Desktop/Optimization/pin-3.18-98332-gaebd7b1e6-gcc-linux/source/tools/Utils/obj-intel64/cp-pin.exe, 0x400000, _ZNSt14basic_ifstreamIcSt11char_traitsIcEE5closeEv@plt, 0x400a10, 3
/home/student/Desktop/Optimization/pin-3.18-98332-gaebd7b1e6-gcc-linux/source/tools/Utils/obj-intel64/cp-pin.exe, 0x400000, __cxa_atexit@plt, 0x400a30, 3
/usr/lib/x86_64-linux-gnu/libstdc++.so.6, 0x7f20da093000, _ZNSt7codecvtIwc11__mbstate_tEC1Em@plt, 0x7f20da11ce30, 3
/usr/lib/x86_64-linux-gnu/libstdc++.so.6, 0x7f20da093000, _ZNSt7__cxx118numpunctIwE22_M_initialize_numpunctEP15__locale_struct@plt, 0x7f20da11c690, 3
/usr/lib/x86_64-linux-gnu/libstdc++.so.6, 0x7f20da093000, _ZNSt6locale5_ImplC1Em@plt, 0x7f20da11ccf0, 3
/home/student/Desktop/Optimization/pin-3.18-98332-gaebd7b1e6-gcc-linux/source/tools/Utils/obj-intel64/cp-pin.exe, 0x400000, _ZNSt14basic_ofstreamIcSt11char_traitsIcEEC1EPKcSt13_Ios_Openmode@plt, 0x400a70, 3
/home/student/Desktop/Optimization/pin-3.18-98332-gaebd7b1e6-gcc-linux/source/tools/Utils/obj-intel64/cp-pin.exe, 0x400000, _ZNSt14basic_ifstreamIcSt11char_traitsIcEEC1EPKcSt13_Ios_Openmode@plt, 0x400ae0, 3
/usr/lib/x86_64-linux-gnu/libstdc++.so.6, 0x7f20da093000, _ZNSt11__timepunctIwEC1EPSt17__timepunct_cacheIwEm@plt, 0x7f20da11e5a0, 3
/usr/lib/x86_64-linux-gnu/libstdc++.so.6, 0x7f20da093000, _ZNSt12__basic_fileIcE6xsputnEPKcl@plt, 0x7f20da11d360, 3
/usr/lib/x86_64-linux-gnu/libstdc++.so.6, 0x7f20da093000, _ZNSt7__cxx1110moneypunctIcLb0EE24_M_initialize_moneypunctEP15__locale_structPKc@plt, 0x7f20da11d570, 3
/usr/lib/x86_64-linux-gnu/libstdc++.so.6, 0x7f20da093000, _ZNSt13basic_filebufIcSt11char_traitsIcEE22_M_convert_to_externalEPcl@plt, 0x7f20da11ef60, 3
/usr/lib/x86_64-linux-gnu/libstdc++.so.6, 0x7f20da093000, _ZNSt7__cxx118numpunctIcE22_M_initialize_numpunctEP15__locale_struct@plt, 0x7f20da11e7e0, 3
/home/student/Desktop/Optimization/pin-3.18-98332-gaebd7b1e6-gcc-linux/source/tools/Utils/obj-intel64/cp-pin.exe, 0x400000, _ZNSt14basic_ofstreamIcSt11char_traitsIcEE5closeEv@plt, 0x400ab0, 3
/usr/lib/x86_64-linux-gnu/libstdc++.so.6, 0x7f20da093000, _ZNSt7codecvtIcc11__mbstate_tEC1Em@plt, 0x7f20da11d1d0, 3
/usr/lib/x86_64-linux-gnu/libstdc++.so.6, 0x7f20da093000, _ZNSt7__cxx118messagesIwEC1Em@plt, 0x7f20da11c6b0, 3
/usr/lib/x86_64-linux-gnu/libstdc++.so.6, 0x7f20da093000, __newlocale@plt, 0x7f20da11da50, 3
/usr/lib/x86_64-linux-gnu/libstdc++.so.6, 0x7f20da093000, _ZNSt7__cxx1110moneypunctIwLb0EE24_M_initialize_moneypunctEP15__locale_structPKc@plt, 0x7f20da11e0e0, 3
/usr/lib/x86_64-linux-gnu/libstdc++.so.6, 0x7f20da093000, _ZNSt6locale5facet18_S_create_c_localeERP15__locale_structPKcS2_@plt, 0x7f20da11cdb0, 3
/usr/lib/x86_64-linux-gnu/libstdc++.so.6, 0x7f20da093000, _ZNSt5ctypeIcEC1EPKtbm@plt, 0x7f20da11c280, 3
/lib/x86_64-linux-gnu/libc.so.6, 0x7f20d9a8a000, _setjmp, 0x7f20d9ac8d30, 2
/usr/lib/x86_64-linux-gnu/libstdc++.so.6, 0x7f20da093000, _ZdaPv, 0x7f20da1243c0, 2
/usr/lib/x86_64-linux-gnu/libstdc++.so.6, 0x7f20da093000, _ZNSt6localeC1EPNS_5_ImplE, 0x7f20da1372e0, 2
/lib/x86_64-linux-gnu/libc.so.6, 0x7f20d9a8a000, @plt, 0x7f20d9aab110, 2
/usr/lib/x86_64-linux-gnu/libstdc++.so.6, 0x7f20da093000, _ZdlPv, 0x7f20da124390, 2
/usr/lib/x86_64-linux-gnu/libstdc++.so.6, 0x7f20da093000, _Znam, 0x7f20da126330, 2
/lib/x86_64-linux-gnu/libgcc_s.so.1, 0x7f20d9e7b000, .plt.got, 0x7f20d9e7dab0, 1
/lib/x86_64-linux-gnu/libm.so.6, 0x7f20d96ec000, .plt.got, 0x7f20d96f7a70, 1
/lib/x86_64-linux-gnu/libc.so.6, 0x7f20d9a8a000, @plt, 0x7f20d9aab270, 1
